"MUNICIPIO","PERIODO","QTD_INTERNACOES"
"Tupi Paulista",2024-01-01 00:00:00,82
"Junqueirópolis",2024-01-01 00:00:00,87
"Agudos",2024-01-01 00:00:00,79
"Itaberá",2024-01-01 00:00:00,61
"Pirangi",2024-01-01 00:00:00,61
"Tambaú",2024-01-01 00:00:00,61
"Guararema",2024-01-01 00:00:00,76
"Santa Cruz das Palmeiras",2024-01-01 00:00:00,85
"Águas de Lindóia",2024-01-01 00:00:00,118
"Bastos",2024-01-01 00:00:00,70
"Dois Córregos",2024-01-01 00:00:00,113
"Presidente Bernardes",2024-01-01 00:00:00,99
"São Miguel Arcanjo",2024-01-01 00:00:00,119
"Igarapava",2024-01-01 00:00:00,103
"Embu-Guaçu",2024-01-01 00:00:00,143
"Cunha",2024-01-01 00:00:00,102
"Tanabi",2024-01-01 00:00:00,111
"Monte Azul Paulista",2024-01-01 00:00:00,95
"Nova Odessa",2024-01-01 00:00:00,111
"Pirajuí",2024-01-01 00:00:00,91
"Guariba",2024-01-01 00:00:00,111
"Caconde",2024-01-01 00:00:00,103
"Pitangueiras",2024-01-01 00:00:00,116
"Santa Rita do Passa Quatro",2024-01-01 00:00:00,93
"São Manuel",2024-01-01 00:00:00,103
"Angatuba",2024-01-01 00:00:00,85
"Pontal",2024-01-01 00:00:00,127
"Guararapes",2024-01-01 00:00:00,78
"Cerqueira César",2024-01-01 00:00:00,80
"Cosmópolis",2024-01-01 00:00:00,120
"Serra Negra",2024-01-01 00:00:00,123
"Descalvado",2024-01-01 00:00:00,108
"Morro Agudo",2024-01-01 00:00:00,157
"Nova Granada",2024-01-01 00:00:00,113
"Ribeirão Pires",2024-01-01 00:00:00,222
"Santo Anastácio",2024-01-01 00:00:00,121
"Palmital",2024-01-01 00:00:00,146
"Bariri",2024-01-01 00:00:00,116
"Altinópolis",2024-01-01 00:00:00,158
"José Bonifácio",2024-01-01 00:00:00,160
"Pederneiras",2024-01-01 00:00:00,174
"Taquarituba",2024-01-01 00:00:00,174
"Barra Bonita",2024-01-01 00:00:00,132
"Piraju",2024-01-01 00:00:00,179
"Itupeva",2024-01-01 00:00:00,142
"Jaboticabal",2024-01-01 00:00:00,155
"Santa Isabel",2024-01-01 00:00:00,156
"Casa Branca",2024-01-01 00:00:00,135
"Tietê",2024-01-01 00:00:00,135
"Nhandeara",2024-01-01 00:00:00,99
"Vargem Grande do Sul",2024-01-01 00:00:00,224
"Porto Ferreira",2024-01-01 00:00:00,185
"Cândido Mota",2024-01-01 00:00:00,126
"Pilar do Sul",2024-01-01 00:00:00,66
"Louveira",2024-01-01 00:00:00,248
"Jaborandi",2024-01-01 00:00:00,6
"Macaubal",2024-01-01 00:00:00,3
"Aparecida d'Oeste",2024-01-01 00:00:00,3
"Paulo de Faria",2024-01-01 00:00:00,15
"Gália",2024-01-01 00:00:00,12
"Santo Antônio da Alegria",2024-01-01 00:00:00,8
"Itirapina",2024-01-01 00:00:00,12
"Bocaina",2024-01-01 00:00:00,13
"Riolândia",2024-01-01 00:00:00,11
"Populina",2024-01-01 00:00:00,16
"São Luís do Paraitinga",2024-01-01 00:00:00,24
"Morungaba",2024-01-01 00:00:00,7
"Queluz",2024-01-01 00:00:00,20
"Arealva",2024-01-01 00:00:00,19
"Joanópolis",2024-01-01 00:00:00,11
"Bom Jesus dos Perdões",2024-01-01 00:00:00,10
"Rinópolis",2024-01-01 00:00:00,15
"Sud Mennucci",2024-01-01 00:00:00,23
"Urânia",2024-01-01 00:00:00,15
"Piratininga",2024-01-01 00:00:00,24
"Clementina",2024-01-01 00:00:00,24
"Nova Europa",2024-01-01 00:00:00,18
"Ribeirão Bonito",2024-01-01 00:00:00,18
"Charqueada",2024-01-01 00:00:00,18
"Sales Oliveira",2024-01-01 00:00:00,16
"Itatinga",2024-01-01 00:00:00,15
"São Simão",2024-01-01 00:00:00,23
"Tapiratiba",2024-01-01 00:00:00,24
"Conchas",2024-01-01 00:00:00,23
"Getulina",2024-01-01 00:00:00,44
"Indiaporã",2024-01-01 00:00:00,29
"Ribeirão Branco",2024-01-01 00:00:00,36
"Ibirá",2024-01-01 00:00:00,29
"Cardoso",2024-01-01 00:00:00,28
"Aguaí",2024-01-01 00:00:00,5
"General Salgado",2024-01-01 00:00:00,35
"São Bento do Sapucaí",2024-01-01 00:00:00,1
"Nazaré Paulista",2024-01-01 00:00:00,36
"Cesário Lange",2024-01-01 00:00:00,30
"Cajobi",2024-01-01 00:00:00,28
"Piracaia",2024-01-01 00:00:00,37
"Salto Grande",2024-01-01 00:00:00,31
"São Sebastião da Grama",2024-01-01 00:00:00,41
"Guaraçaí",2024-01-01 00:00:00,40
"Lucélia",2024-01-01 00:00:00,37
"Jarinu",2024-01-01 00:00:00,12
"Ipaussu",2024-01-01 00:00:00,46
"Taguaí",2024-01-01 00:00:00,36
"Ouroeste",2024-01-01 00:00:00,57
"Iacanga",2024-01-01 00:00:00,43
"Iepê",2024-01-01 00:00:00,41
"Urupês",2024-01-01 00:00:00,37
"Bernardino de Campos",2024-01-01 00:00:00,41
"Itaí",2024-01-01 00:00:00,49
"Jaci",2024-01-01 00:00:00,44
"Pompéia",2024-01-01 00:00:00,26
"Itajobi",2024-01-01 00:00:00,49
"Tabapuã",2024-01-01 00:00:00,32
"Álvares Machado",2024-01-01 00:00:00,49
"Estrela d'Oeste",2024-01-01 00:00:00,46
"Brotas",2024-01-01 00:00:00,47
"Palmeira d'Oeste",2024-01-01 00:00:00,47
"Paranapanema",2024-01-01 00:00:00,89
"Macatuba",2024-01-01 00:00:00,61
"Borborema",2024-01-01 00:00:00,60
"Castilho",2024-01-01 00:00:00,77
"Herculândia",2024-01-01 00:00:00,71
"Valparaíso",2024-01-01 00:00:00,56
"Várzea Paulista",2024-01-01 00:00:00,37
"Patrocínio Paulista",2024-01-01 00:00:00,36
"Santa Adélia",2024-01-01 00:00:00,34
"Tabatinga",2024-01-01 00:00:00,60
"Pereira Barreto",2024-01-01 00:00:00,84
"Rio das Pedras",2024-01-01 00:00:00,67
"Flórida Paulista",2024-01-01 00:00:00,80
"Maracaí",2024-01-01 00:00:00,42
"Ipuã",2024-01-01 00:00:00,40
"Ibaté",2024-01-01 00:00:00,37
"Cafelândia",2024-01-01 00:00:00,44
"Potirendaba",2024-01-01 00:00:00,48
"Fartura",2024-01-01 00:00:00,53
"Regente Feijó",2024-01-01 00:00:00,40
"Guará",2024-01-01 00:00:00,109
"Buritama",2024-01-01 00:00:00,30
"Teodoro Sampaio",2024-01-01 00:00:00,71
"Santa Rosa de Viterbo",2024-01-01 00:00:00,76
"Pedreira",2024-01-01 00:00:00,81
"Pedregulho",2024-01-01 00:00:00,64
"Colina",2024-01-01 00:00:00,52
"Miguelópolis",2024-01-01 00:00:00,81
"Monte Mor",2024-01-01 00:00:00,99
"Chavantes",2024-01-01 00:00:00,95
"Itaporanga",2024-01-01 00:00:00,84
"Conchal",2024-01-01 00:00:00,141
"Boituva",2024-01-01 00:00:00,193
"Presidente Venceslau",2024-01-01 00:00:00,157
"Auriflama",2024-01-01 00:00:00,131
"Novo Horizonte",2024-01-01 00:00:00,203
"Orlândia",2024-01-01 00:00:00,195
"Martinópolis",2024-01-01 00:00:00,176
"Ilha Solteira",2024-01-01 00:00:00,182
"Osvaldo Cruz",2024-01-01 00:00:00,173
"Pirassununga",2024-01-01 00:00:00,194
"Salto de Pirapora",2024-01-01 00:00:00,132
"Monte Alto",2024-01-01 00:00:00,203
"Capivari",2024-01-01 00:00:00,150
"Lençóis Paulista",2024-01-01 00:00:00,187
"Campos do Jordão",2024-01-01 00:00:00,201
"Monte Aprazível",2024-01-01 00:00:00,161
"Capão Bonito",2024-01-01 00:00:00,190
"Piedade",2024-01-01 00:00:00,248
"Presidente Epitácio",2024-01-01 00:00:00,227
"Garça",2024-01-01 00:00:00,258
"Itápolis",2024-01-01 00:00:00,181
"Apiaí",2024-01-01 00:00:00,213
"Socorro",2024-01-01 00:00:00,149
"Mairiporã",2024-01-01 00:00:00,250
"Rosana",2024-01-01 00:00:00,265
"Bertioga",2024-01-01 00:00:00,308
"Guaíra",2024-01-01 00:00:00,220
"Cajuru",2024-01-01 00:00:00,235
"Cajamar",2024-01-01 00:00:00,224
"Andradina",2024-01-01 00:00:00,200
"Caçapava",2024-01-01 00:00:00,333
"São Joaquim da Barra",2024-01-01 00:00:00,228
"Santa Fé do Sul",2024-01-01 00:00:00,203
"Dracena",2024-01-01 00:00:00,235
"Mirandópolis",2024-01-01 00:00:00,258
"Jaguariúna",2024-01-01 00:00:00,248
"Embu das Artes",2024-01-01 00:00:00,389
"Ituverava",2024-01-01 00:00:00,271
"Promissão",2024-01-01 00:00:00,236
"Olímpia",2024-01-01 00:00:00,247
"Santana de Parnaíba",2024-01-01 00:00:00,356
"São Pedro",2024-01-01 00:00:00,176
"Ibiúna",2024-01-01 00:00:00,278
"Itararé",2024-01-01 00:00:00,256
"Rancharia",2024-01-01 00:00:00,302
"Campo Limpo Paulista",2024-01-01 00:00:00,327
"Porto Feliz",2024-01-01 00:00:00,288
"Votorantim",2024-01-01 00:00:00,351
"Serrana",2024-01-01 00:00:00,320
"Espírito Santo do Pinhal",2024-01-01 00:00:00,332
"Batatais",2024-01-01 00:00:00,324
"Santa Cruz do Rio Pardo",2024-01-01 00:00:00,298
