"COMP","REGIAO","UF","CO_IBGE","MUNICIPIO","MOTIVO_DESABILITACAO","CNES","NOME_ESTABELECIMENTO","RAZAO_SOCIAL","TP_GESTAO","CO_TIPO_UNIDADE","DS_TIPO_UNIDADE","NATUREZA_JURIDICA","DESC_NATUREZA_JURIDICA","NO_LOGRADOURO","NU_ENDERECO","NO_COMPLEMENTO","NO_BAIRRO","CO_CEP","NU_TELEFONE","NO_EMAIL","LEITOS_EXISTENTES","LEITOS_SUS","UTI_TOTAL_EXIST","UTI_TOTAL_SUS","UTI_ADULTO_EXIST","UTI_ADULTO_SUS","UTI_PEDIATRICO_EXIST","UTI_PEDIATRICO_SUS","UTI_NEONATAL_EXIST","UTI_NEONATAL_SUS","UTI_QUEIMADO_EXIST","UTI_QUEIMADO_SUS","UTI_CORONARIANA_EXIST","UTI_CORONARIANA_SUS"
202512,"SUDESTE","SP",353440,"OSASCO","",8028,"HOSPITAL MUNICIPAL ANTONIO GIGLIO","PREFEITURA DO MUNICIPIO DE OSASCO","M",5,"HOSPITAL GERAL",1244,"HOSPITAL_PÚBLICO","RUA PEDRO FIORETTI","48","","CENTRO",6013070,"(11)2183-9333","",225,201,28,20,20,12,8,8,0,0,0,0,0,0
202512,"SUDESTE","SP",353440,"OSASCO","",8036,"HOSPITAL MATERNIDADE AMADOR AGUIAR","PREFEITURA DO MUNICIPIO DE OSASCO","M",7,"HOSPITAL ESPECIALIZADO",1244,"HOSPITAL_PÚBLICO","AV GETULIO VARGAS","1260","","JD PIRATININGA",6233020,"(11)21833400","",183,175,18,18,0,0,0,0,18,18,0,0,0,0
202512,"SUDESTE","SP",353440,"OSASCO","",8052,"HOSPITAL REGIONAL DR VIVALDO MARTINS SIMOES OSASCO","SECRETARIA DE ESTADO DA SAUDE DE SAO PAULO","E",5,"HOSPITAL GERAL",1023,"HOSPITAL_PÚBLICO","RUA ARI BARROSO","355","","PRESIDENTE ALTINO",6216240,"(11) 3683-3077","hrofaturamentosame@gmail.com",250,250,48,48,40,40,8,8,0,0,0,0,0,0
202512,"SUDESTE","SP",353440,"OSASCO","",8087,"PRONTO SOCORRO CONRADO CESARINO NUVOLINI","PREFEITURA DO MUNICIPIO DE OSASCO","M",20,"PRONTO SOCORRO GERAL",1244,"HOSPITAL_PÚBLICO","AV JOAO DE ANDRADE","958","","JD STO ANTONIO",6132002,"(11)3609-0283","",22,22,0,0,0,0,0,0,0,0,0,0,0,0
202512,"SUDESTE","SP",353440,"OSASCO","",8141,"PRONTO SOCORRO DR ANTONIO FLAVIO FRANCA","PREFEITURA DO MUNICIPIO DE OSASCO","M",20,"PRONTO SOCORRO GERAL",1244,"HOSPITAL_PÚBLICO","RUA AGUAS DA PRATA","S/N","","ROCHDALE",6223200,"(11)36866358","psrochdalle@gmail.com",12,12,0,0,0,0,0,0,0,0,0,0,0,0
202512,"SUDESTE","SP",354780,"SANTO ANDRE","",8923,"CENTRO HOSPITALAR DE SANTO ANDRE DR NEWTON DA COSTA BRANDAO","PREFEITURA MUNICIPAL DE SANTO ANDRE","M",5,"HOSPITAL GERAL",1244,"HOSPITAL_PÚBLICO","AVENIDA JOAO RAMALHO","326","","VILA ASSUNCAO",9030320,"(11) 4433-3600","",296,296,60,60,50,50,10,10,0,0,0,0,0,0
202512,"SUDESTE","SP",354990,"SAO JOSE DOS CAMPOS","",9164,"UPA SAO FRANCISCO XAVIER","PREFEITURA MUNICIPAL DE SAO JOSE DOS CAMPOS","M",15,"UNIDADE MISTA",1244,"HOSPITAL_PÚBLICO","RUA 15 DE NOVEMBRO","S/N","","CENTRO",12249000,"12 39261226","ubs_sfxavier@sjc.sp.gov.br",3,3,0,0,0,0,0,0,0,0,0,0,0,0
202512,"SUDESTE","SP",354990,"SAO JOSE DOS CAMPOS","",9539,"HOSPITAL MATERNO INFANTIL ANTONINHO DA ROCHA MARMO","INSTITUTO DAS PEQUENAS MISSIONARIAS DE MARIA IMACULADA","M",5,"HOSPITAL GERAL",3999,"HOSPITAL_FILANTRÓPICO","AVENIDA HEITOR VILLA LOBOS","1961","","VILA RENATA",12245280,"12 3797-0822","diretoria@antoninhomarmo.org.br",72,5,20,0,10,0,0,0,10,0,0,0,0,0
202512,"SUDESTE","SP",354990,"SAO JOSE DOS CAMPOS","",9601,"HOSPITAL PIO XII","INSTITUTO DAS PEQUENAS MISSIONARIAS DE MARIA IMACULADA","M",5,"HOSPITAL GERAL",3999,"HOSPITAL_FILANTRÓPICO","RUA PARAGUASSU","51","","SANTANA",12212110,"12 39283344","erika.zanni@hpioxii.org.br, diretoria@hpioxii.org.br",87,72,13,12,13,12,0,0,0,0,0,0,0,0
202512,"SUDESTE","SP",354990,"SAO JOSE DOS CAMPOS","",9628,"HOSPITAL MUNICIPAL DR JOSE DE CARVALHO FLORENCE","PREFEITURA MUNICIPAL DE SAO JOSE DOS CAMPOS","M",5,"HOSPITAL GERAL",1244,"HOSPITAL_PÚBLICO","RUA SAIGIRO NAKAMURA","800","","VILA INDUSTRIAL",12220280,"12 39013400","camaganha@uol.com.br",404,404,72,72,54,54,8,8,10,10,0,0,0,0
202512,"SUDESTE","SP",354990,"SAO JOSE DOS CAMPOS","",9636,"ASSOCIACAO INSTITUTO CHUI DE PSIQUIATRIA","ASSOCIACAO INSTITUTO CHUI DE PSIQUIATRIA","M",7,"HOSPITAL ESPECIALIZADO",3999,"HOSPITAL_FILANTRÓPICO","PRACA BOM JESUS DO SERIMBURA","82","","VILA GUAIANAZES",12243370,"12 3921-6786","institutochui@terra.com.br",174,0,0,0,0,0,0,0,0,0,0,0,0,0
202512,"SUDESTE","SP",354990,"SAO JOSE DOS CAMPOS","",26417,"HOSPITAL DE CLINICAS SUL","PREFEITURA MUNICIPAL DE SAO JOSE DOS CAMPOS","M",5,"HOSPITAL GERAL",1244,"HOSPITAL_PÚBLICO","PRACA NATAL","55","","PARQUE INDUSTRIAL",12235621,"12 39358100","hcs05@sjc.sp.gov.br, cnes@hmtj.org.br",44,44,0,0,0,0,0,0,0,0,0,0,0,0
202512,"SUDESTE","SP",350850,"CACAPAVA","",42021,"LA SERENITE","RB CENTRO DE REABILITACAO LTDA","M",7,"HOSPITAL ESPECIALIZADO",2062,"HOSPITAL_PRIVADO","AV PINHEIROS","157","","CACAPAVA VELHA",12283412,"12 36528608","",10,0,0,0,0,0,0,0,0,0,0,0,0,0
202512,"SUDESTE","SP",354340,"RIBEIRAO PRETO","",80470,"HOSPITAL FUNDACAO PENTEADO RIBEIRAO PRETO","HOSPITAL ESPECIALIZADO NO TRATAMENTO DE ALCOOL E DROGAS AS","M",5,"HOSPITAL GERAL",3999,"HOSPITAL_FILANTRÓPICO","ANTONIO GOMES DA SILVA JUNIOR","625","","PARQUE RESIDENCIAL L",14095440,"16 32341290","abertura.analise@gmail.com",20,0,0,0,0,0,0,0,0,0,0,0,0,0
202512,"SUDESTE","SP",350750,"BOTUCATU","",81825,"HOSPITAL UNIMED BOTUCATU II","UNIMED DE BOTUCATU COOPERATIVA DE TRABALHO MEDICO","M",5,"HOSPITAL GERAL",2143,"HOSPITAL_PRIVADO","RUA EMILIO CANI","1178","","VILA SANTA TEREZINHA",18606730,"14 3514-0500","diretoriatecnica@h.unimedbotucatu.coop.br",80,0,10,0,10,0,0,0,0,0,0,0,0,0
202512,"SUDESTE","SP",351050,"CARAGUATATUBA","",92894,"HOSPITAL REGIONAL DO LITORAL NORTE","SECRETARIA DO ESTADO DA SAUDE DE SAO PAULO","E",5,"HOSPITAL GERAL",1023,"HOSPITAL_PÚBLICO","RUA PRUDENCIA SANCHES FROILE MANSANO","1200","","PONTAL DE SANTA MARI",11672032,"12 38871058","secretariatecnica.hrln@isgsaude.org",201,201,40,40,30,30,10,10,0,0,0,0,0,0
202512,"SUDESTE","SP",355030,"SAO PAULO","",102075,"HOSPITAL MUNICIPAL SANTA DULCE DOS POBRES","PREFEITURA DO MUNICIPIO DE SAO PAULO","M",5,"HOSPITAL GERAL",1031,"HOSPITAL_PÚBLICO","RUA ANTONIO CARLOS","122","","CONSOLACAO",1309010,"42102970","",60,60,0,0,0,0,0,0,0,0,0,0,0,0
202512,"SUDESTE","SP",355030,"SAO PAULO","",102105,"HOSPITAL MUNICIPAL BRASILANDIA","SECRETARIA MUNICIPAL DA SAUDE","M",5,"HOSPITAL GERAL",1031,"HOSPITAL_PÚBLICO","MICHIHISA MURATA","150","","JARDIM MARISTELA",2806160,"113135-7060","DMELLONE@PREFEITURA.SP.GOV.BR",291,251,70,30,60,20,10,10,0,0,0,0,0,0
202512,"SUDESTE","SP",352850,"MAIRIPORA","",115509,"HOSPITAL DE CLINICAS ANJO GABRIEL","MUNICIPIO DE MAIRIPORA","M",5,"HOSPITAL GERAL",1244,"HOSPITAL_PÚBLICO","RUA SAO JUDAS TADEU","200","","CAPOAVINHA",7629658,"(11)44192521","gerenciamairipora@alphainstituto.com.br",35,35,0,0,0,0,0,0,0,0,0,0,0,0
202512,"SUDESTE","SP",350570,"BARUERI","",127604,"HOSPITAL DE RETAGUARDA DO JARDIM PAULISTA","MUNICIPIO DE BARUERI","M",5,"HOSPITAL GERAL",1244,"HOSPITAL_PÚBLICO","AVENIDA CIDADE DE ITU","346","AV MARG ESQUERDA767","JARDIM ITAPARICA",6447020,"(11) 3164-9591","saude.scnes@barueri.sp.gov.br",61,61,0,0,0,0,0,0,0,0,0,0,0,0
202512,"SUDESTE","SP",353800,"PINDAMONHANGABA","",136328,"UNIDADE MISTA CIDADE NOVA PINDAMONHANGABA","MUNICIPIO DE PINDAMONHANGABA","M",15,"UNIDADE MISTA",1244,"HOSPITAL_PÚBLICO","AV PRINCESA DO NORTE","380","","CIDADE NOVA",12414060,"","",2,2,0,0,0,0,0,0,0,0,0,0,0,0
202512,"SUDESTE","SP",355030,"SAO PAULO","",161438,"HOSPITAL MUNICIPAL GUARAPIRANGA","INTS INSTITUTO NACIONAL DE TECNOLOGIA E SAUDE","M",5,"HOSPITAL GERAL",1031,"HOSPITAL_PÚBLICO","ESTRADA DA RIVIERA","4742","ZONA SUL","RIVIERA PAULISTA",4916000,"(11) 3113-9592","",186,156,30,0,30,0,0,0,0,0,0,0,0,0
202512,"SUDESTE","SP",354870,"SAO BERNARDO DO CAMPO","",235385,"CLINICA TERAPEUTICA SONHO DE VIDA","CLINICA TERAPEUTICA SONHO DE VIDA LTDA","M",7,"HOSPITAL ESPECIALIZADO",2062,"HOSPITAL_PRIVADO","ESTRADA SIMAO PORTELA","634","","RIO GRANDE",9830030,"1143549198","atendimento@clinicasonhodevida.com",32,0,0,0,0,0,0,0,0,0,0,0,0,0
202512,"SUDESTE","SP",355030,"SAO PAULO","",255661,"IMPAR SERVICOS HOSPITALARES FILIAL SANTA PAULA","IMPAR SERVICOS HOSPITALARES SA","M",5,"HOSPITAL GERAL",2054,"HOSPITAL_PRIVADO","AVENIDA SANTO AMARO","2468","","BROOKLIN PAULISTA",4556901,"11 30408008","",199,0,50,0,50,0,0,0,0,0,0,0,0,0
202512,"SUDESTE","SP",355030,"SAO PAULO","",263192,"HOSPITAL SANCTA MAGGIORE DUBAI","PREVENT SENIOR ATENDIMENTO A SAUDE LTDA","M",5,"HOSPITAL GERAL",2062,"HOSPITAL_PRIVADO","RUA FRANCISCO TRAMONTANO","100","","REAL PARQUE",5686902,"1140859057","luciana.tamaoki@preventsenior.com.br",171,0,37,0,37,0,0,0,0,0,0,0,0,0
202512,"SUDESTE","SP",355070,"SAO SEBASTIAO","",265187,"HOSPITAL DE CLINICAS DE SAO SEBASTIAO COSTA SUL","PREFEITURA MUNICIPAL DE SAO SEBASTIAO","M",5,"HOSPITAL GERAL",1244,"HOSPITAL_PÚBLICO","AVENIDA WALKIR VERGANI","878","","BOICUCANGA",11618107,"","",38,38,0,0,0,0,0,0,0,0,0,0,0,0
202512,"SUDESTE","SP",350410,"ATIBAIA","",285641,"GRUPO ERIMUS","CLINICA ERIMUS PSICOLOGIA LTDA","M",7,"HOSPITAL ESPECIALIZADO",2062,"HOSPITAL_PRIVADO","RUA ANGELICO BUENO","S/N","CXP 3317","ROSARIO",12948104,"","",29,0,0,0,0,0,0,0,0,0,0,0,0,0
202512,"SUDESTE","SP",350210,"ANDRADINA","",297607,"OCULARE ANDRADINA","LOPES RODRIGUES SERVICOS OFTALMOLOGICOS LTDA","M",7,"HOSPITAL ESPECIALIZADO",2062,"HOSPITAL_PRIVADO","RUA J A DE CARVALHO","1347","","CENTRO",16901015,"","",1,0,0,0,0,0,0,0,0,0,0,0,0,0
202512,"SUDESTE","SP",354990,"SAO JOSE DOS CAMPOS","",381454,"HOSPITAL ORTO SERVICOS MEDICOS E CIRURGICOS","HOSPITAL ORTO SERVICOS MEDICOS E CIRURGICOS LTDA","M",21,"PRONTO SOCORRO ESPECIALIZADO",2062,"HOSPITAL_PRIVADO","AVENIDA CIDADE JARDIM","3890","","CIDADE JARDIM",12233002,"12 22120001","qualidade@hospitalorto.com.br",1,0,0,0,0,0,0,0,0,0,0,0,0,0
202512,"SUDESTE","SP",355030,"SAO PAULO","",393290,"HOSPITAL E PRONTO ATENDIMENTO SANCTA MAGGIORE RUSSIA","PREVENT SENIOR ATENDIMENTO A SAUDE LTDA","M",5,"HOSPITAL GERAL",2062,"HOSPITAL_PRIVADO","AVENIDA PROFESSOR FRANCISCO MORATO","1133","","BUTANTA",5513100,"(11) 40859000","luciana.tamaoki@preventsenior.com.br",43,0,0,0,0,0,0,0,0,0,0,0,0,0
202512,"SUDESTE","SP",355030,"SAO PAULO","",414808,"CRIA CASA DE PARTO","CENTRO DE PARTO HUMANIZADO VILA MARIANA EIRELI","M",5,"HOSPITAL GERAL",2062,"HOSPITAL_PRIVADO","RUA DOUTOR LOPES DE ALMEIDA","16","","VILA MARIANA",4120070,"11998067090","mmattos@gmail.com",7,0,0,0,0,0,0,0,0,0,0,0,0,0
202512,"SUDESTE","SP",350600,"BAURU","",419214,"REDE ONE CARE","ONE CARE ATENDIMENTO HOSPITALAR LTDA","M",5,"HOSPITAL GERAL",2054,"HOSPITAL_PRIVADO","AVENIDA AFFONSO JOSE AIELLO","14125","","RESIDENCIAL VILAGGIO",17018786,"(14) 3214-3506","atendimento@redeone.care.com.br",3,0,0,0,0,0,0,0,0,0,0,0,0,0
202512,"SUDESTE","SP",351170,"CHARQUEADA","",424870,"HOSPITAL TERAPEUTICO RENOVARE","RENOVARE CENTRO DE SERVICO TERAPEUTICO LTDA","M",5,"HOSPITAL GERAL",2062,"HOSPITAL_PRIVADO","VIA DOUTOR CELSO SILVEIRA MELLO","0001","","JARDIM ALVORADA II",13515000,"19 996385550","renovareadm20@gmail.com",2,0,0,0,0,0,0,0,0,0,0,0,0,0
202512,"SUDESTE","SP",355250,"SUZANO","",473561,"HOSPITAL SAINT NICHOLAS MEDICAL","MEDCARE SUZANO SERVICOS MEDICOS LTDA","M",5,"HOSPITAL GERAL",2062,"HOSPITAL_PRIVADO","AVENIDA ANTONIO MARQUES FIGUEIRA","200","","CENTRO",8676000,"1147448750","",111,0,31,0,20,0,5,0,0,0,2,0,4,0
202512,"SUDESTE","SP",355030,"SAO PAULO","",478474,"PA SAO RAFAEL","PA SAO RAFAEL SERVICOS MEDICOS LTDA","M",20,"PRONTO SOCORRO GERAL",2062,"HOSPITAL_PRIVADO","AVENIDA ADOLFO PINHEIRO","2100","","SANTO AMARO",4734003,"11 23732850","EDSON@PRIMESERVICOSMEDICOS.COM.BR",5,0,0,0,0,0,0,0,0,0,0,0,0,0
202512,"SUDESTE","SP",355030,"SAO PAULO","",507733,"HOSPITAL ESPORTE E SAUDE BR SURGERY","HOSPITAL ESPORTE E SAUDE LTDA","M",5,"HOSPITAL GERAL",2062,"HOSPITAL_PRIVADO","RUA FAGUNDES FILHO","475","","VILA MONTE ALEGRE",4304010,"11 4369-4300","ROBERTO@BRSURGERY.COM.BR",14,0,2,0,2,0,0,0,0,0,0,0,0,0
202512,"SUDESTE","SP",351130,"CEDRAL","",561096,"CENTRO TERAPEUTICO MENSAGEIRO DA PAS","CENTRO TERAPEUTICO MENSAGEIRO DA PAZ EIRELI","M",15,"UNIDADE MISTA",2062,"HOSPITAL_PRIVADO","ESTRADA MUNICIPAL BEATO MARIANO LAMATA APARICIO","330","CHACARA","JARDIM INVERNADA",15895000,"","",30,0,0,0,0,0,0,0,0,0,0,0,0,0
202512,"SUDESTE","SP",355220,"SOROCABA","",605484,"AMHE MED SOROCABA","AMHE MED ASSISTENCIA A SAUDE LTDA","M",5,"HOSPITAL GERAL",2062,"HOSPITAL_PRIVADO","RUA PEDRO JOSE SENGER","213","CS 201 223 229 E 239","VILA HARO",18015000,"","adm.hospital@amhemed.com.br",130,33,20,0,20,0,0,0,0,0,0,0,0,0
202512,"SUDESTE","SP",354580,"SANTA BARBARA D'OESTE","",652601,"HOSPITAL SAMARITANO DE SANTA BARBARA DOESTE","HOSPITAL SAMARITANO DE SANTA BARBARA DOESTE","M",5,"HOSPITAL GERAL",2062,"HOSPITAL_PRIVADO","RUA LIMEIRA","450","","LAGOA SECA",13454214,"19 999284187","MIHELLE@SAMARITANOAMERICANA",32,0,5,0,1,0,0,0,4,0,0,0,0,0
202512,"SUDESTE","SP",352940,"MAUA","",653101,"HOSPITAL SAGRADA FAMILIA","HOSPITAL SAGRADA FAMILIA EIRELI","M",5,"HOSPITAL GERAL",2062,"HOSPITAL_PRIVADO","RUA VICENTE ALETTO","31","","JARDIM ANCHIETA",9360540,"1146156682","gerencia.adimistrativa@hospsagradafamilia.com.br",110,0,18,0,18,0,0,0,0,0,0,0,0,0
202512,"SUDESTE","SP",355030,"SAO PAULO","",663913,"HOSPITAL SAINT PATRICK","ASSOCIACAO HOSPITALAR JAGUARA","M",5,"HOSPITAL GERAL",3999,"HOSPITAL_FILANTRÓPICO","AV CANDIDO PORTINARI","616","","VILA JAGUARA",5114000,"","regulatorio@cnesolution.com.br",20,20,0,0,0,0,0,0,0,0,0,0,0,0
202512,"SUDESTE","SP",354850,"SANTOS","",684910,"CENTRO MEDICO","UNIMED DE SANTOS COOPERATIVA DE TRABALHO MEDICO","M",5,"HOSPITAL GERAL",2143,"HOSPITAL_PRIVADO","RUA PARANA","191","","VILA MATHIAS",11075320,"(13) 2102-8100","",41,0,0,0,0,0,0,0,0,0,0,0,0,0
202512,"SUDESTE","SP",355030,"SAO PAULO","",701394,"HOSPITAL VIDAS ALTA COMPLEXIDADE","HOSPITAL E MATERNIDADE VIDAS LTDA","M",5,"HOSPITAL GERAL",2062,"HOSPITAL_PRIVADO","PROFA MARIA DE LOURDES DE S NOGUEIRA","89","","VILA GEA",4692000,"11 33219450","CONTABILIDADE@HOSPITALVIDAS.COM.BR",61,0,10,0,10,0,0,0,0,0,0,0,0,0
202512,"SUDESTE","SP",352530,"JAU","",789585,"HOSPITAL UNIMED REGIONAL JAU","UNIMED REGIONAL JAU COOPERATIVA DE TRABALHO MEDICO","M",5,"HOSPITAL GERAL",2143,"HOSPITAL_PRIVADO","ANTONIO DE ALMEIDA PACHECO","1991","","2A ZONA INDUSTRIAL",17213700,"14 36028900","diretoria@unimedjau.com.br",120,0,27,0,18,0,4,0,5,0,0,0,0,0
202512,"SUDESTE","SP",350550,"BARRETOS","",837164,"HOSPITAL VILLAGE","HOSPITAL DIA DE BARRETOS LTDA","M",5,"HOSPITAL GERAL",2062,"HOSPITAL_PRIVADO","AVENIDA DOUTOR ARQUIMEDES MACHADO","15","","JARDIM RAMOS",14783165,"17 33211212","",19,2,8,0,0,0,3,0,5,0,0,0,0,0
202512,"SUDESTE","SP",353950,"PITANGUEIRAS","",864560,"PA PITANGUEIRAS","HAPVIDA ASSISTENCIA MEDICA S A","M",5,"HOSPITAL GERAL",2054,"HOSPITAL_PRIVADO","ACRE","139","","CENTRO",14750000,"85 40023633","FISCAL@HAPVIDA.COM.BR",6,0,0,0,0,0,0,0,0,0,0,0,0,0
202512,"SUDESTE","SP",355480,"TREMEMBE","",911046,"INSTITUTO REABILITANDO FAMILIAS","JULIANO DURAN DE OLIVEIRA LTDA","M",7,"HOSPITAL ESPECIALIZADO",2062,"HOSPITAL_PRIVADO","ESTRADA MUNICIPAL DE TREMEMBE 375","701","","MARISTELA",12129899,"1236226692","institutoresgatandofamilias@gmil.com",10,0,0,0,0,0,0,0,0,0,0,0,0,0
202512,"SUDESTE","SP",354970,"SAO JOSE DO RIO PARDO","",911437,"HOSPITAL UNIMED","UNIMED DE SAO JOSE DO RIO PARDO COOP TRABALHO MEDICO","M",5,"HOSPITAL GERAL",2143,"HOSPITAL_PRIVADO","RUA ALEXANDRE CARLOS DE MELO","118","","JARDIM AEROPORTO",13720482,"19 36828888","",12,0,0,0,0,0,0,0,0,0,0,0,0,0
202512,"SUDESTE","SP",350290,"ARACOIABA DA SERRA","",932760,"HOSPITAL NOVA REABILITACAO","HOSPITAL NOVA REABILITACAO SAUDE LTDA","M",7,"HOSPITAL ESPECIALIZADO",2062,"HOSPITAL_PRIVADO","GERSON PINTO","00000","","JARDIM TONELLI",18190000,"15 97481002","contabilidadearacoiaba@outlook.com",4,0,0,0,0,0,0,0,0,0,0,0,0,0
202512,"SUDESTE","SP",354880,"SAO CAETANO DO SUL","",940402,"HOSPITAL SANTA ANA","METIE MEDICINA ESPECIALIZADA EM TRATAMENTO INTENSIVO EMERG","M",5,"HOSPITAL GERAL",2062,"HOSPITAL_PRIVADO","CAVALHEIRO ERNESTO GIULIANO","979","","SAO JOSE",9570400,"11 39874411","analista.qualidade@hospitalstaclara.com.br",273,0,50,0,26,0,24,0,0,0,0,0,0,0
202512,"SUDESTE","SP",355030,"SAO PAULO","",955736,"HOSPITAL E PRONTO ATENDIMENTO SANCTA MAGGIORE PARIS","PREVENT SENIOR ATENDIMENTO A SAUDE LTDA","M",5,"HOSPITAL GERAL",2062,"HOSPITAL_PRIVADO","RUA GENERAL CHAGAS SANTOS","314","","VILA DA SAUDE",4146050,"1140859000","luciana.tamaoki@preventsenior.com.br",60,0,10,0,10,0,0,0,0,0,0,0,0,0
202512,"SUDESTE","SP",354890,"SAO CARLOS","",962589,"HOSPITAL UNIMED SAO CARLOS UNIDADE II","UNIMED DE SAO CARLOS COOPERATIVA DE TRABALHO MEDICO","M",5,"HOSPITAL GERAL",2143,"HOSPITAL_PRIVADO","RUA SETE DE SETEMBRO","3033","","VILA NERY",13560181,"16 21077428-21077300","secretaria.hospital2@unimedsaocarlos.com.br",79,0,10,0,0,0,2,0,8,0,0,0,0,0
202512,"SUDESTE","SP",355030,"SAO PAULO","",993956,"MATERNIDADE SAO LUIZ STAR","REDE DOR SAO LUIZ S A","M",5,"HOSPITAL GERAL",2046,"HOSPITAL_PRIVADO","RUA HELENA","29","","VILA OLIMPIA",4552050,"(11) 2121-1335","licenciamentosp@rededor.com.br",230,0,58,0,0,0,0,0,58,0,0,0,0,0
202512,"SUDESTE","SP",350950,"CAMPINAS","",2022621,"MATERNIDADE DE CAMPINAS","MATERNIDADE DE CAMPINAS","M",5,"HOSPITAL GERAL",3999,"HOSPITAL_FILANTRÓPICO","OROSIMBO MAIA","165","","CENTRO",13023910,"","",257,122,36,25,6,3,0,0,30,22,0,0,0,0
202512,"SUDESTE","SP",350950,"CAMPINAS","",2022648,"HOSPITAL IRMAOS PENTEADO E SANTA CASA DE CAMPINAS","IRMANDADE DE MISERICORDIA DE CAMPINAS","M",5,"HOSPITAL GERAL",3999,"HOSPITAL_FILANTRÓPICO","BENJAMIN CONSTANT","1657","","CENTRO",13010142,"","",145,75,31,5,18,5,8,0,0,0,5,0,0,0
202512,"SUDESTE","SP",350940,"CAJURU","",2023016,"CASA DE CARIDADE SAO VICENTE DE PAULO CAJURU","CASA DE CARIDADE SAO VICENTE DE PAULO","M",5,"HOSPITAL GERAL",3999,"HOSPITAL_FILANTRÓPICO","RUA DOUTOR MILTON MOURAO DE MATOS","460","","CENTRO",14240114,"(16)36673232","",73,55,0,0,0,0,0,0,0,0,0,0,0,0
202512,"SUDESTE","SP",350950,"CAMPINAS","",2023148,"HOSPITAL SAMARITANO DE CAMPINAS","ASSOCIACAO EVANGELICA BENEFICENTE DE CAMPINAS","M",5,"HOSPITAL GERAL",3999,"HOSPITAL_FILANTRÓPICO","ENGENHEIRO MONLEVADE","206","","VILA JOAO JORGE",13041304,"19 37361199","CONTABILIDADE4@SAMARITANOSAUDE.COM.BR",180,0,60,0,20,0,10,0,10,0,0,0,20,0
202512,"SUDESTE","SP",352470,"JAGUARIUNA","",2023474,"HOSPITAL MUNICIPAL WALTER FERRARI","PREFEITURA MUNICIPAL DE JAGUARIUNA","M",5,"HOSPITAL GERAL",1244,"HOSPITAL_PÚBLICO","RUA AMAZONAS","08","","DOM BOSCO",13911112,"(19) 38671122","uac.saude@jaguariuna.sp.gov.br",102,99,15,15,15,15,0,0,0,0,0,0,0,0
202512,"SUDESTE","SP",350950,"CAMPINAS","",2023512,"HOSPITAL SANTA SOFIA","HOSPITAL SANTA SOFIA LTDA","M",5,"HOSPITAL GERAL",2062,"HOSPITAL_PRIVADO","AV ANDRADE NEVES","611","","BOTAFOGO",13013161,"19 3737-8000","hss@hospitalsantasofia.com.br",37,0,0,0,0,0,0,0,0,0,0,0,0,0
202512,"SUDESTE","SP",352340,"ITATIBA","",2023709,"SANTA CASA DE MISERICORDIA DE ITATIBA","SANTA CASA DE MISERICORDIA DE ITATIBA","M",5,"HOSPITAL GERAL",3999,"HOSPITAL_FILANTRÓPICO","AVENIDA DA SAUDADE","43","","CENTRO",13253000,"(11)4894-8899","santacasa@itatiba.sp.gov.br",120,74,25,14,19,11,0,0,6,3,0,0,0,0
202512,"SUDESTE","SP",352420,"JABORANDI","",2023865,"HOSPITAL MUNICIPAL DR AMADEU PAGLIUSO","PREFEITURA MUNICIPAL DE JABORANDI","M",5,"HOSPITAL GERAL",1244,"HOSPITAL_PÚBLICO","RUA DR AMADEU PAGLIUSO","480","","CENTRO",14775000,"(17)33471286","",17,17,0,0,0,0,0,0,0,0,0,0,0,0
202512,"SUDESTE","SP",353110,"MONGAGUA","",2024438,"HOSPITAL E MATERNIDADE DRA ADONIRAN CORREIA CAMPOS MONGAGUA","PREFEITURA MUNICIPAL DA ESTANCIA BALNEARIA DE MONGAGUA","M",5,"HOSPITAL GERAL",1244,"HOSPITAL_PÚBLICO","AVENIDA SAO PAULO","826","","VILA SAO PAULO",11730004,"(13)35056060","",36,36,0,0,0,0,0,0,0,0,0,0,0,0
202512,"SUDESTE","SP",350400,"ASSIS","",2024624,"HOSPITAL E MATERNIDADE DE ASSIS","HOSPITAL E MATERNIDADE DE ASSIS S A","M",5,"HOSPITAL GERAL",2054,"HOSPITAL_PRIVADO","RUA ANA ANGELA RAZABONI DE ANDRADE","405","","JAD PAULISTA",19814970,"18 3302-1700","autorizador@hmassis.com.br",65,0,10,0,6,0,1,0,3,0,0,0,0,0
202512,"SUDESTE","SP",352690,"LIMEIRA","",2024632,"HOSPITAL UNIMED LIMEIRA","UNIMED DE LIMEIRA COOPERATIVA DE TRABALHO MEDICO","M",5,"HOSPITAL GERAL",2143,"HOSPITAL_PRIVADO","RUA SANTA CRUZ","620","","CENTRO",13480041,"(19) 3404 4800","admhospital@unimedlimeira.com.br",96,0,22,0,12,0,0,0,10,0,0,0,0,0
202512,"SUDESTE","SP",351340,"CRUZEIRO","",2024691,"SANTA CASA DE CRUZEIRO","SANTA CASA DE MISERICORDIA DE CRUZEIRO","M",5,"HOSPITAL GERAL",3999,"HOSPITAL_FILANTRÓPICO","MAJOR NOVAES","715","","CENTRO",12701330,"(12)3184-7005","",135,101,20,18,20,18,0,0,0,0,0,0,0,0
202512,"SUDESTE","SP",350850,"CACAPAVA","",2024756,"HOSPITAL E MATERNIDADE NOSSA SENHORA DA AJUDA","FUSAM FUNDACAO DE SAUDE E ASSIST DO MUNIC DE CACAPAVA","M",5,"HOSPITAL GERAL",3069,"HOSPITAL_FILANTRÓPICO","DOUTOR PEREIRA DE MATTOS","63","","CENTRO",12281450,"12 36548800","contabilidade@fusam.com.br",74,72,10,10,10,10,0,0,0,0,0,0,0,0
202512,"SUDESTE","SP",350860,"CACHOEIRA PAULISTA","",2024772,"SANTA CASA DE MISERICORDIA SAO JOSE","ASSOCIACAO BENEF SAO JOSE E SANTA CASA DE MISERICORDIA SAO J","M",5,"HOSPITAL GERAL",3999,"HOSPITAL_FILANTRÓPICO","SETE DE SETEMBRO","122","","CENTRO",12630000,"","",31,31,0,0,0,0,0,0,0,0,0,0,0,0
202512,"SUDESTE","SP",354870,"SAO BERNARDO DO CAMPO","",2025361,"HOSPITAL DE CANCER DE SAO BERNARDO DO CAMPO PADRE ANCHIETA","PREFEITURA DO MUNICIPIO DE SAO BERNARDO DO CAMPO","M",5,"HOSPITAL GERAL",1244,"HOSPITAL_PÚBLICO","RUA SILVA JARDIM","470","","CENTRO",9715090,"(11)43454011","maira.souza@cssbc.org.br",83,83,19,19,19,19,0,0,0,0,0,0,0,0
202512,"SUDESTE","SP",352430,"JABOTICABAL","",2025477,"HOSPITAL E MATERNIDADE SANTA ISABEL DE JABOTICABAL","IRMANDADE DA SANTA CASA DE MISERICORDIA DE JABOTICABAL","M",5,"HOSPITAL GERAL",3999,"HOSPITAL_FILANTRÓPICO","RUA FLORIANO PEIXOTO","1387","","CENTRO",14870810,"(16)32092333","hmsi2@bol.com.br",76,43,10,3,10,3,0,0,0,0,0,0,0,0
202512,"SUDESTE","SP",352900,"MARILIA","",2025507,"HOSPITAL DAS CLINICAS HCFAMEMA","FUNDACAO DE APOIO A FACULDADE DE MEDICINA DE MARILIA E AO HO","E",5,"HOSPITAL GERAL",3069,"HOSPITAL_FILANTRÓPICO","DOUTOR REINALDO MACHADO","255","","FRAGATA",17519080,"(14)34021824","superintendencia@hc.famema.br",345,325,61,61,40,40,7,7,8,8,0,0,6,6
202512,"SUDESTE","SP",354850,"SANTOS","",2025752,"SANTA CASA DE SANTOS","IRMANDADE DA SANTA CASA DA MISERICORDIA DE SANTOS","M",5,"HOSPITAL GERAL",3999,"HOSPITAL_FILANTRÓPICO","AV DOUTOR CLAUDIO LUIZ DA COSTA","50","","JABAQUARA",11075900,"(13) 3202-0600","dir.tecnica@scsantos.com.br",533,256,91,50,71,40,10,10,10,0,0,0,0,0
202512,"SUDESTE","SP",354850,"SANTOS","",2025760,"HOSPITAL ANA COSTA DE SANTOS","HOSPITAL ANA COSTA S A","M",5,"HOSPITAL GERAL",2054,"HOSPITAL_PRIVADO","PEDRO AMERICO","60","","CAMPO GRANDE",11075400,"(13) 3228-9000","diretoria@anacosta.com.br",195,0,43,0,20,0,6,0,7,0,0,0,10,0
202512,"SUDESTE","SP",352440,"JACAREI","",2026074,"HOSPITAL POLICLIN DE JACAREI","POLICLIN SA SERVICOS MEDICOS HOSPITALARES","M",5,"HOSPITAL GERAL",2054,"HOSPITAL_PRIVADO","AVENIDA EDOUARD SIX","80","","CENTRO",12327673,"(12)39531044","karen.hpjac@policlin.com.br",28,0,0,0,0,0,0,0,0,0,0,0,0,0
202512,"SUDESTE","SP",352440,"JACAREI","",2026112,"HOSPITAL DE CLINICAS ANTONIO AFONSO","HOSPITAL DE CLINICAS ANTONIO AFONSO","M",5,"HOSPITAL GERAL",2062,"HOSPITAL_PRIVADO","RUA ANTONIO AFONSO","307","","CENTRO",12327270,"12-3955-9900","medico24h@uol.com.br",48,0,18,0,18,0,0,0,0,0,0,0,0,0
202512,"SUDESTE","SP",351860,"GUARIBA","",2026805,"SANTA CASA DE GUARIBA","IRMANDADE DA SANTA CASA DE MISERICORDIA DE GUARIBA","M",5,"HOSPITAL GERAL",3999,"HOSPITAL_FILANTRÓPICO","RUA NELLO PETRINI","1740","","JARDIM BOA VISTA",14842286,"(16)32519100","administrador@santacasaguariba.com.br",61,53,0,0,0,0,0,0,0,0,0,0,0,0
202512,"SUDESTE","SP",352240,"ITAPEVA","",2027186,"SANTA CASA DE MISERICORDIA DE ITAPEVA","SANTA CASA DE MISERICORDIA DE ITAPEVA","M",5,"HOSPITAL GERAL",3999,"HOSPITAL_FILANTRÓPICO","RUA SANTOS DUMONT","433","","CENTRO",18400030,"(15)35219500","administracao@santacasadeitapeva.org.br",160,134,32,30,22,20,0,0,10,10,0,0,0,0
202512,"SUDESTE","SP",354870,"SAO BERNARDO DO CAMPO","",2027348,"CENTRO DE TRATAMENTO BEZERRA DE MENEZES SB DO CAMPO","INSTITUICAO ASSISTENCIAL EMMANUEL","M",7,"HOSPITAL ESPECIALIZADO",3999,"HOSPITAL_FILANTRÓPICO","RUA BATUIRA","400","","ASSUNCAO",9861550,"(11)4344.2222","bezerrademenezes@bezerrademenezes.org.br",170,0,0,0,0,0,0,0,0,0,0,0,0,0
202512,"SUDESTE","SP",354870,"SAO BERNARDO DO CAMPO","",2027356,"HOSPITAL DA MULHER","PREFEITURA DO MUNICIPIO DE SAO BERNARDO DO CAMPO","M",5,"HOSPITAL GERAL",1244,"HOSPITAL_PÚBLICO","AVENIDA IMPERADOR PEDRO II","216","","NOVA PETROPOLIS",9770420,"(11)2363-3860","maira.souza@cssbc.org.br",140,140,29,29,7,7,2,2,20,20,0,0,0,0
202512,"SUDESTE","SP",353130,"MONTE ALTO","",2028204,"SANTA CASA DE MONTE ALTO","IRMANDADE DE MISERIC DO HOSPITAL DA SANTA CASA DE MONTE ALTO","M",5,"HOSPITAL GERAL",3999,"HOSPITAL_FILANTRÓPICO","RUA CARLOS KIELANDER","396","CAIXA POSTAL 180","CENTRO",15910005,"(16)3244-3244","administracao1@santacasamontealto.com.br",89,60,20,16,20,16,0,0,0,0,0,0,0,0
202512,"SUDESTE","SP",355430,"TEODORO SAMPAIO","",2028239,"HOSPITAL REGIONAL DE TEODORO SAMPAIO","ASSOCIACAO FILANTROPICA DE TEODORO SAMPAIO","M",5,"HOSPITAL GERAL",3999,"HOSPITAL_FILANTRÓPICO","ALA TRIFON INFANTE ALGARIN","1430","","CENTRO",19280001,"(18) 3282-1411","associacaofilantropicahrts@outlook.com",50,43,0,0,0,0,0,0,0,0,0,0,0,0
202512,"SUDESTE","SP",355030,"SAO PAULO","",2028840,"INSTITUTO DE INFECTOLOGIA EMILIO RIBAS","SECRETARIA DE ESTADO DA SAUDE","E",5,"HOSPITAL GERAL",1023,"HOSPITAL_PÚBLICO","DR ARNALDO","165","","SUMARE",1246900,"","expedientetecnica@emilioribas.sp.gov.br",311,311,30,30,30,30,0,0,0,0,0,0,0,0
202512,"SUDESTE","SP",355030,"SAO PAULO","",2032236,"HOSPITAL PREVINA","PLENA SAUDE S A","M",5,"HOSPITAL GERAL",2054,"HOSPITAL_PRIVADO","RAIMUNDO PEREIRA DE MAGALHAES","12367","","JARDIM MARILU",2989095,"11 39445400","licencas.unidades@plenasaude.com.br",8,0,0,0,0,0,0,0,0,0,0,0,0,0
202512,"SUDESTE","SP",355030,"SAO PAULO","",2032481,"HOSPITAL DA LUZ 92","AMICO SAUDE LTDA","M",5,"HOSPITAL GERAL",2054,"HOSPITAL_PRIVADO","RUA AZEVEDO MACEDO","92","","VILA MARIANA",4013060,"(11) 2117-6000","keli.almeida@hospitaldaluz.com.br",94,0,40,0,0,0,20,0,20,0,0,0,0,0
202512,"SUDESTE","SP",351840,"GUARATINGUETA","",2035723,"HOSPITAL CEPOG","HOSPITAL CEPOG LTDA","M",5,"HOSPITAL GERAL",2062,"HOSPITAL_PRIVADO","BENEDITO MARCONDES","141","","CAMPO DO GALVAO",12505270,"012 31285511","ADMINISTRACAO@HOSPITALCEPOG.COM.BR",39,5,10,0,10,0,0,0,0,0,0,0,0,0
202512,"SUDESTE","SP",350380,"ARTUR NOGUEIRA","",2037297,"HOSPITAL E MATERNIDADE DE ARTUR NOGUEIRA","PREFEITURA MUNICIPAL DE ARTUR NOGUEIRA","M",5,"HOSPITAL GERAL",1244,"HOSPITAL_PÚBLICO","AV DR FERNANDO ARENS","939","","VILA QUEIROZ",13163006,"(19)38277000","faturamentosaude@arturnogueira.sp.gov.br",12,12,0,0,0,0,0,0,0,0,0,0,0,0
202512,"SUDESTE","SP",354690,"SANTA LUCIA","",2038048,"PRONTO SOCORRO MUNICIPAL SANTA LUCIA","PREFEITURA MUNICIPAL DE SANTA LUCIA","M",20,"PRONTO SOCORRO GERAL",1244,"HOSPITAL_PÚBLICO","RUA CORONEL LUIZ PINTO","155","","CENTRO",14825011,"33969603","saudestalucia@yahoo.com.br",8,0,0,0,0,0,0,0,0,0,0,0,0,0
202512,"SUDESTE","SP",355040,"SAO PEDRO","",2038315,"UMIS UNIDADE MISTA INTEGRADA A SAUDE SAO PEDRO","PREFEITURA MUNICIPAL DE SAO PEDRO","M",15,"UNIDADE MISTA",1244,"HOSPITAL_PÚBLICO","RUA MARIO SCAGNOLATO","13","","RECANTO DAS AGUAS",13522054,"(19)3481.93.87","umis@saopedro.sp.gov.br",1,1,0,0,0,0,0,0,0,0,0,0,0,0
202512,"SUDESTE","SP",352100,"IPERO","",2038447,"PRONTO ATENDIMENTO SAO JUDAS TADEU","PREFEITURA MUNICIPAL DE IPERO","M",20,"PRONTO SOCORRO GERAL",1244,"HOSPITAL_PÚBLICO","AV PAULO ANTUNES MOREIRA","1800","","INDUSTRIAL",18560070,"(15)2661100","",15,15,0,0,0,0,0,0,0,0,0,0,0,0
202512,"SUDESTE","SP",351880,"GUARULHOS","",2040069,"HOSPITAL MATERNIDADE JESUS JOSE E MARIA","ASSOCIACAO BENEFICENTE JESUS JOSE E MARIA","M",7,"HOSPITAL ESPECIALIZADO",3999,"HOSPITAL_FILANTRÓPICO","VIELA 4 TRAVESSA DA AV DR RENATO ANDRADE MAIA","1337","","PARQUE RENATO MAIA",7114000,"1124757777","secretaria@mjjm.org.br",135,135,22,22,6,6,0,0,16,16,0,0,0,0
202512,"SUDESTE","SP",354850,"SANTOS","",2042894,"SECAO PRONTO SOCORRO CENTRAL SEPROS C","MUNICIPIO DE SANTOS","M",20,"PRONTO SOCORRO GERAL",1244,"HOSPITAL_PÚBLICO","AVENIDA DOUTOR CLAUDIO LUIZ DA COSTA","280","","JABAQUARA",11075100,"(13)32281880","adm-psc@santos.sp.gov.br",26,26,5,5,5,5,0,0,0,0,0,0,0,0
202512,"SUDESTE","SP",351620,"FRANCA","",2043580,"PRONTO SOCORRO DR ALVARO J AZZUZ","PREFEITURA MUNICIPAL DE FRANCA","M",20,"PRONTO SOCORRO GERAL",1244,"HOSPITAL_PÚBLICO","AV CHICO JULIO","5125","","VILA IMPERADOR",14409241,"1637111900","",36,36,0,0,0,0,0,0,0,0,0,0,0,0
202512,"SUDESTE","SP",350600,"BAURU","",2048132,"HOSPITAL DE OLHOS CLINICA ESPECIALIZADA","CDO CENTRO DE DIAGNOSTICO OFTALMOLOGICO LTDA","M",7,"HOSPITAL ESPECIALIZADO",2062,"HOSPITAL_PRIVADO","RIO BRANCO","1383","","CENTRO",17015311,"","",1,0,0,0,0,0,0,0,0,0,0,0,0,0
202512,"SUDESTE","SP",353150,"MONTE AZUL PAULISTA","",2053500,"HOSPITAL SENHOR BOM JESUS","ASSOCIACAO DE BENEMERENCIA SENHOR BOM JESUS","M",5,"HOSPITAL GERAL",3999,"HOSPITAL_FILANTRÓPICO","RUA RUI BARBOSA","267","","CENTRO",14730101,"(17)3361-9210","Adm@hsbj.com.br",40,25,0,0,0,0,0,0,0,0,0,0,0,0
202512,"SUDESTE","SP",353150,"MONTE AZUL PAULISTA","",2053519,"MATERNIDADE FERNANDO MAGALHAES","ASSOCIACAO DE PROTECAO A MATERNIDADE E A INFANCIA","M",5,"HOSPITAL GERAL",3999,"HOSPITAL_FILANTRÓPICO","PRACA CORONEL LICAS","96","","CENTRO",14730013,"(17)33619820","maternidadefernandomagalhaes@gmail.com",30,26,0,0,0,0,0,0,0,0,0,0,0,0
202512,"SUDESTE","SP",355090,"SAO SIMAO","",2058243,"SANTA CASA DE MISERICORDIA DE SAO SIMAO","SANTA CASA DE MISERICORDIA DE SAO SIMAO","M",5,"HOSPITAL GERAL",3999,"HOSPITAL_FILANTRÓPICO","RUA BANDEIRA VILELA","185","","CENTRO",14200000,"(16)3984-1113","stacasass@gmail.com",40,36,0,0,0,0,0,0,0,0,0,0,0,0
202512,"SUDESTE","SP",353340,"NOVA ODESSA","",2058308,"HOSPITAL E MATERNIDADE MUNICIPAL DR ACILIO CARRION GARCIA","MUNICIPIO DE NOVA ODESSA","M",5,"HOSPITAL GERAL",1244,"HOSPITAL_PÚBLICO","ARISTIDE BASSORA","301","","BOSQUE DO CEDRO",13380001,"","",71,66,5,0,5,0,0,0,0,0,0,0,0,0
202512,"SUDESTE","SP",350600,"BAURU","",2058332,"HOSPITAL MANOEL DE ABREU BAURU","SECRETARIA DE ESTADO DA SAUDE","E",5,"HOSPITAL GERAL",1023,"HOSPITAL_PÚBLICO","SALVADOR FILARDI","688","","VILA INDUSTRIAL",17055280,"","",79,79,0,0,0,0,0,0,0,0,0,0,0,0
202512,"SUDESTE","SP",354190,"QUELUZ","",2058340,"HOSPITAL MUNICIPAL DE QUELUZ","PREFEITURA MUNICIPAL DE QUELUZ","M",5,"HOSPITAL GERAL",1244,"HOSPITAL_PÚBLICO","LADEIRA MARIA CELIA REBOUCAS DE CARVALHO FRANCA","65","","CENTRO",12800000,"(12)31471560","qeluzsaude@ig.com.br",19,19,0,0,0,0,0,0,0,0,0,0,0,0
202512,"SUDESTE","SP",355030,"SAO PAULO","",2058391,"HOSPITAL ISRAELITA ALBERT EINSTEIN","SOCIEDADE BENEFICENTE ISRAELITA BRAS HOSP ALBERT EINSTEIN","M",5,"HOSPITAL GERAL",3999,"HOSPITAL_FILANTRÓPICO","AV ALBERT EINSTEIN","627","701","MORUMBI",5652900,"(11)37471233","cendoroglo@einstein.br",696,28,94,0,54,0,18,0,22,0,0,0,0,0
202512,"SUDESTE","SP",355200,"SILVEIRAS","",2058405,"UNIDADE MISTA DE SAUDE DE SILVEIRAS","PREFEITURA MUNICIPAL DE SILVEIRAS","M",15,"UNIDADE MISTA",1244,"HOSPITAL_PÚBLICO","PRC PADRE JOAQUIM FERREIRA DA CUNHA","11","","CENTRO",12690000,"(12)5561114","",2,2,0,0,0,0,0,0,0,0,0,0,0,0
202512,"SUDESTE","SP",355030,"SAO PAULO","",2058502,"HOSPITAL DO SERV PUB EST FCO MORATO DE OLIVEIRA SAO PAULO","INSTITUTO DE ASSIST MEDICA AO SERVIDOR PUBLICO ESTADUAL SP","E",5,"HOSPITAL GERAL",1112,"HOSPITAL_PÚBLICO","AVENIDA IBIRAPUERA","981","","IBIRAPUERA",4029000,"(11) 4573-8500","hspe@iamspe.sp.gov.br",886,6,87,0,64,0,4,0,8,0,11,0,0,0
202512,"SUDESTE","SP",351110,"CATANDUVA","",2058626,"HOSPITAL MAHATMA GANDHI","HOSPITAL MAHATMA GANDHI","M",7,"HOSPITAL ESPECIALIZADO",3999,"HOSPITAL_FILANTRÓPICO","DUARTINA","1311","SC","VILA SOTO",15810150,"(17) 35249070","",184,138,0,0,0,0,0,0,0,0,0,0,0,0
202512,"SUDESTE","SP",354140,"PRESIDENTE PRUDENTE","",2058782,"HOSPITAL PSIQUIATRICO ESPIRITA BEZERRA DE MENEZES P PRUDENT","ASSOCIACAO ASSISTENCIAL ADOLPHO BEZERRA DE MENEZES","E",7,"HOSPITAL ESPECIALIZADO",3999,"HOSPITAL_FILANTRÓPICO","EST BEZERRA DE MENEZES","1","","UMUARAMA",19053680,"(18)39022111","depbezerra1@gmail.com",172,121,0,0,0,0,0,0,0,0,0,0,0,0
202512,"SUDESTE","SP",350160,"AMERICANA","",2058790,"HOSPITAL MUNICIPAL DR WALDEMAR TEBALDI","MUNICIPIO DE AMERICANA","M",5,"HOSPITAL GERAL",1244,"HOSPITAL_PÚBLICO","AV DA SAUDE","415","","BOSQUE DA SAUDE",13478640,"19 34716750","diretoria@fusame.com.br",143,142,22,21,17,16,0,0,5,5,0,0,0,0
202512,"SUDESTE","SP",355030,"SAO PAULO","",2065665,"HOSPITAL MATERNIDADE INTERLAGOS","SECRETARIA DE ESTADO DA SAUDE DE SAO PAULO","E",7,"HOSPITAL ESPECIALIZADO",1023,"HOSPITAL_PÚBLICO","RUA LEONOR ALVIM","211","","JD LEBLON",4802190,"(11)56681232","hminterlagos.dts@gmail.com",89,89,14,14,4,4,0,0,10,10,0,0,0,0
202512,"SUDESTE","SP",355030,"SAO PAULO","",2066092,"HOSPITAL GERAL DE PEDREIRA","SECRETARIA DE ESTADO DA SAUDE DE SAO PAULO","E",5,"HOSPITAL GERAL",1023,"HOSPITAL_PÚBLICO","RUA JOAO FRANCISCO DE MOURA","251","","VILA CAMPO GRANDE",4455170,"(11) 5613-5900","diretoria@hpedreira.spdm.org.br",295,295,41,41,23,23,6,6,12,12,0,0,0,0
202512,"SUDESTE","SP",355030,"SAO PAULO","",2066572,"HOSPITAL HELIOPOLIS UNIDADE DE GESTAO ASSISTENCIAL I","SECRETARIA DE ESTADO DA SAUDE","E",5,"HOSPITAL GERAL",1023,"HOSPITAL_PÚBLICO","CON XAVIER","276","","V HELIOPOLIS",4231030,"","ddmedica.hh@gmail.com",290,290,24,24,24,24,0,0,0,0,0,0,0,0
202512,"SUDESTE","SP",354870,"SAO BERNARDO DO CAMPO","",2069776,"HOSPITAL DE URGENCIA","PREFEITURA DO MUNICIPIO DE SAO BERNARDO DO CAMPO","M",5,"HOSPITAL GERAL",1244,"HOSPITAL_PÚBLICO","RUA JOAQUIM NABUCO","380","","CENTRO",9720375,"4128-7700","maira.souza@cssbc.org.br",271,271,30,30,20,20,10,10,0,0,0,0,0,0
202512,"SUDESTE","SP",351110,"CATANDUVA","",2070413,"UNIMED HOSPITAL SAO DOMINGOS","UNIMED DE CATANDUVA COOPERATIVA DE TRABALHO MEDICO","M",5,"HOSPITAL GERAL",2143,"HOSPITAL_PRIVADO","DR CERVANTES ANGULO","255","SC","PQ JOAQUIM LOPES",15800640,"17 35313123","contabilidade@unimedcatanduva.com.br",126,0,20,0,8,0,3,0,7,0,0,0,2,0
202512,"SUDESTE","SP",355030,"SAO PAULO","",2070766,"CAISM DR DAVID CAPISTRANO DA COSTA FILHO DA AGUA FUNDA SP","SECRETARIA DE ESTADO DA SAUDE DE SAO PAULO","E",7,"HOSPITAL ESPECIALIZADO",1023,"HOSPITAL_PÚBLICO","AVENIDA MIGUEL STEFNO","3030","","AGUA FUNDA",4301002,"(11) 5077-7893","caism-ginformacao@saude.sp.gov.br",121,121,0,0,0,0,0,0,0,0,0,0,0,0
202512,"SUDESTE","SP",355030,"SAO PAULO","",2071371,"HOSPITAL INFANTIL DARCY VARGAS UGA III SAO PAULO","SECRETARIA DE ESTADO DA SAUDE DE SAO PAULO","E",7,"HOSPITAL ESPECIALIZADO",1023,"HOSPITAL_PÚBLICO","RUA DR SERAFICO DE ASSIS CARVALHO","34","","JARDIM GUEDALA",4024002,"(11)37233700","hidv-dtds.expediente@saude.sp.gov.br",122,122,14,14,0,0,9,9,5,5,0,0,0,0
202512,"SUDESTE","SP",355030,"SAO PAULO","",2071568,"HC DA FMUSP INSTITUTO DO CORACAO INCOR SAO PAULO","FUNDACAO ZERBINI","E",7,"HOSPITAL ESPECIALIZADO",3069,"HOSPITAL_FILANTRÓPICO","AVENIDA DR ENEAS DE CARVALHO AGUIAR","44","","CERQUEIRA CESAR",5403000,"(11) 2661-5000","fabio.kawamura@hc.fm.usp.br",469,406,169,161,135,129,31,29,3,3,0,0,0,0
202512,"SUDESTE","SP",351510,"EMBU-GUACU","",2072033,"UNIDADE MISTA DE SAUDE DE EMBUGUACU","PREFEITURA MUNICIPAL DE EMBU GUACU","M",15,"UNIDADE MISTA",1244,"HOSPITAL_PÚBLICO","RUA CELESTINO APA","50","","JAD EMILIA",6900710,"(11)49613199","embu-guacu.saude@ig.com.br",17,17,0,0,0,0,0,0,0,0,0,0,0,0
202512,"SUDESTE","SP",354730,"SANTANA DE PARNAIBA","",2072513,"HOSPITAL E MATERNIDADE MUNICIPAL SANTA ANA","PREFEITURA MUNICIPAL DE SANTANA DE PARNAIBA","M",5,"HOSPITAL GERAL",1244,"HOSPITAL_PÚBLICO","AVENIDA GERALDO DE CEZAR","613","","CAMPO DA VILA",6501008,"11 4622-8750","sms.hospitalsantaana@santanadeparnaiba.sp.gov.br",76,74,0,0,0,0,0,0,0,0,0,0,0,0
202512,"SUDESTE","SP",355030,"SAO PAULO","",2075717,"HOSP MUN MATERNIDADE PROFESSOR MARIO DEGNI","PREFEITURA DO MUNICIPIO DE SAO PAULO","M",5,"HOSPITAL GERAL",1031,"HOSPITAL_PÚBLICO","RUA LUCAS DE LEYDE","257","","VILA ANTONIO",5376010,"(11)33949330","",75,64,18,9,10,4,0,0,8,5,0,0,0,0
202512,"SUDESTE","SP",355030,"SAO PAULO","",2075962,"HOSP DA STA CASA DE STO AMARO","SANTA CASA DE MISERICORDIA DE SANTO AMARO","M",5,"HOSPITAL GERAL",3999,"HOSPITAL_FILANTRÓPICO","RUA ISABEL SCHMIDT","59","","SANTO AMARO",4743030,"(11)55258700","scmsa@uol.com.br",134,91,10,9,10,9,0,0,0,0,0,0,0,0
202512,"SUDESTE","SP",355030,"SAO PAULO","",2076896,"HOSPITAL SAO LUIZ GONZAGA","IRMANDADE DA SANTA CASA DE MISERICORDIA DE SAO PAULO","M",5,"HOSPITAL GERAL",3999,"HOSPITAL_FILANTRÓPICO","MICHEL OUCHANA","94","","JACANA",2276140,"","",231,177,40,0,30,0,0,0,10,0,0,0,0,0
202512,"SUDESTE","SP",355030,"SAO PAULO","",2076926,"HOSPITAL UNIVERSITARIO DA USP SAO PAULO","HOSPITAL UNIVERSITARIO DA UNIVERSIDADE DE SAO PAULO","E",5,"HOSPITAL GERAL",1112,"HOSPITAL_PÚBLICO","AV PROF LINEU PRESTES","2565","","BUTANTA",5580000,"(11) 3091-9316","superintendencia@hu.usp.br",206,206,28,28,12,12,10,10,6,6,0,0,0,0
202512,"SUDESTE","SP",352350,"ITATINGA","",2076942,"HOSPITAL DE ITATINGA","HOSPITAL SANTA TEREZINHA E MATERNIDADE ERCILIA PIERONI","M",5,"HOSPITAL GERAL",3999,"HOSPITAL_FILANTRÓPICO","PRACA SAO ROQUE","48","","CENTRO",18690000,"(14)38481325","hstitatinga@.yahoo.com.br",14,7,0,0,0,0,0,0,0,0,0,0,0,0
202512,"SUDESTE","SP",355030,"SAO PAULO","",2076950,"HOSPITAL OSWALDO CRUZ","HOSPITAL ALEMAO OSWALDO CRUZ","M",5,"HOSPITAL GERAL",3999,"HOSPITAL_FILANTRÓPICO","RUA JOAO JULIAO","331","","PARAISO",1323020,"(11)3549-1907","haoc@haoc.com.br",350,0,44,0,44,0,0,0,0,0,0,0,0,0
202512,"SUDESTE","SP",355030,"SAO PAULO","",2076985,"CASA DA CRIANCA BETINHO","CASA DA CRIANCA BETINHO LAR ESPIRITA P EXCEPCIONAIS","M",5,"HOSPITAL GERAL",3999,"HOSPITAL_FILANTRÓPICO","RUA VACANGA","300","","VIL CARRAO",3433020,"(11)67817366","casabetinho@uol.com.br",89,89,0,0,0,0,0,0,0,0,0,0,0,0
202512,"SUDESTE","SP",351500,"EMBU DAS ARTES","",2077078,"UNIDADE MISTA E MATERNIDADE CENTRAL","PREFEITURA DE EMBU DAS ARTES","M",5,"HOSPITAL GERAL",1244,"HOSPITAL_PÚBLICO","AVENIDA ELIAS YAZBEK","1415","","CERCADO GRANDE",6803002,"4781-3723","umscentral@hotmail.com",48,48,0,0,0,0,0,0,0,0,0,0,0,0
202512,"SUDESTE","SP",351060,"CARAPICUIBA","",2077124,"UNIDADE MISTA DE ATENDIMENTO INFANTIL","PREFEITURA MUNICIPAL DE CARAPICUIBA","M",15,"UNIDADE MISTA",1244,"HOSPITAL_PÚBLICO","AVENIDA TEIXEIRA LOTT","601","","VL CRETTI",6317341,"(11)41643392","",17,17,0,0,0,0,0,0,0,0,0,0,0,0
202512,"SUDESTE","SP",355030,"SAO PAULO","",2077388,"HOSPITAL AMPARO MATERNAL","SPDM PAIS HOSPITAL AMPARO MATERNAL","M",7,"HOSPITAL ESPECIALIZADO",3999,"HOSPITAL_FILANTRÓPICO","RUA LOEFGREEN","1901","","V CLEMENTINO",4040032,"(11)50898277","fernanda.lance@ham.spdmpais.org.br",109,104,10,10,0,0,0,0,10,10,0,0,0,0
202512,"SUDESTE","SP",354980,"SAO JOSE DO RIO PRETO","",2077396,"HOSPITAL DE BASE DE SAO JOSE DO RIO PRETO","FUNDACAO FACULDADE REGIONAL DE MEDICINA DE SAO JOSE DO RIO P","E",5,"HOSPITAL GERAL",3069,"HOSPITAL_FILANTRÓPICO","AVN BRIGADEIRO FARIA LIMA","5544","","SAO PEDRO",15090000,"17-32015000","diretoria@hospitaldebase.com.br",1305,874,275,198,164,128,60,40,37,16,0,0,14,14
202512,"SUDESTE","SP",355030,"SAO PAULO","",2077418,"CAISM PHILIPPE PINEL SAO PAULO","SECRETARIA DE ESTADO DA SAUDE DE SAO PAULO","E",7,"HOSPITAL ESPECIALIZADO",1023,"HOSPITAL_PÚBLICO","AV RAIMUNDO PEREIRA DE MAGALHAES","5214","","PIRITUBA",2938000,"(11) 3993-8227","hppinel@uol.com.br",136,136,0,0,0,0,0,0,0,0,0,0,0,0
202512,"SUDESTE","SP",355030,"SAO PAULO","",2077426,"HOSPITAL GERAL HENRIQUE ALTIMEYER DE VILA ALPINA","SECRETARIA DE ESTADO DA SAUDE DE SAO PAULO","E",5,"HOSPITAL GERAL",1023,"HOSPITAL_PÚBLICO","AV FRANCISCO FALCONI","1501","","VILA ALPINA",3227000,"(11) 2318-2100","secretaria@hva.org.br",219,219,38,38,20,20,7,7,11,11,0,0,0,0
202512,"SUDESTE","SP",353620,"PARIQUERA-ACU","",2077434,"HOSPITAL DR LEOPOLDO BEVILACQUA","CONSORCIO INTERMUNICIPAL DE SAUDE DO VALE DO RIBEIRA","E",5,"HOSPITAL GERAL",1210,"HOSPITAL_PÚBLICO","RUA DOS EXPEDICIONARIOS","140","","CENTRO",11930000,"(13)38569600","consaude@consaude.org.br",176,176,26,26,19,19,0,0,7,7,0,0,0,0
202512,"SUDESTE","SP",355030,"SAO PAULO","",2077450,"HOSP MUN PIRITUBA JOSE SOARES HUNGRIA","SECRETARIA MUNICIPAL DA SAUDE","M",5,"HOSPITAL GERAL",1031,"HOSPITAL_PÚBLICO","AVENIDA MENOTTI LAUDISIO","100","","PIRITUBA",2945000,"","samehungria@prefeitura.sp.gov.br",92,71,29,8,21,8,8,0,0,0,0,0,0,0
202512,"SUDESTE","SP",355030,"SAO PAULO","",2077469,"HOSP DOM ALVARENGA","ASSOCIACAO BENEFICENTE NOSSA SENHORA DE NAZARE","M",5,"HOSPITAL GERAL",3999,"HOSPITAL_FILANTRÓPICO","AVENIDA NAZARE","1361","","IPIRANGA",4263200,"","",149,71,30,0,30,0,0,0,0,0,0,0,0,0
202512,"SUDESTE","SP",355030,"SAO PAULO","",2077477,"HOSP STA MARCELINA SAO PAULO","CASA DE SAUDE SANTA MARCELINA","E",5,"HOSPITAL GERAL",3999,"HOSPITAL_FILANTRÓPICO","RUA SANTA MARCELINA","177","","ITAQUERA",8270070,"(11)2070-6293","rosane@santamarcelina.org",671,549,117,103,98,84,10,10,9,9,0,0,0,0
202512,"SUDESTE","SP",355030,"SAO PAULO","",2077485,"HOSPITAL SAO PAULO HOSPITAL DE ENSINO DA UNIFESP","SPDM ASSOCIACAO PAULISTA PARA O DESENVOLVIMENTO DA MEDICIN","E",5,"HOSPITAL GERAL",3999,"HOSPITAL_FILANTRÓPICO","NAPOLEAO DE BARROS","715","","VL CLEMENTINA",4024002,"","superintendencia@huhsp.org.br",842,798,117,114,77,74,19,19,17,17,4,4,0,0
202512,"SUDESTE","SP",355030,"SAO PAULO","",2077493,"HOSPITAL GERAL DE SAO MATEUS SAO PAULO","SECRETARIA DE ESTADO DA SAUDE DE SAO PAULO","E",5,"HOSPITAL GERAL",1023,"HOSPITAL_PÚBLICO","RUA ANGELO DE CANDIA","540","","SAO MATEUS",3958000,"(11) 2014-5148","hgsm-dirtec@saude.sp.gov.br",251,251,49,49,24,24,10,10,10,10,5,5,0,0
202512,"SUDESTE","SP",355030,"SAO PAULO","",2077507,"HOSPITAL LEFORTE LIBERDADE","HOSPITAL LEFORTE LIBERDADE S A","M",5,"HOSPITAL GERAL",2054,"HOSPITAL_PRIVADO","RUA GALVAO BUENO","257","","LIBERDADE",1506000,"(11)33452000","mariolucio@hospitalbandeirantes.com.br",270,48,48,30,48,30,0,0,0,0,0,0,0,0
202512,"SUDESTE","SP",350310,"ARANDU","",2077515,"HOSPITAL SAO VICENTE DE PAULA DE ARANDU","PREFEITURA MUNICIPAL DE ARANDU","M",5,"HOSPITAL GERAL",1244,"HOSPITAL_PÚBLICO","RUA DEZENOVE DE MARCO","731","","CENTRO",18710009,"(14)37661157","hosparandu@ig.com.br",6,6,0,0,0,0,0,0,0,0,0,0,0,0
202512,"SUDESTE","SP",355030,"SAO PAULO","",2077523,"UNIDADE DE GESTAO ASSISTENCIAL II HOSPITAL IPIRANGA SP","SECRETARIA DE ESTADO DA SAUDE SAO PAULO","E",5,"HOSPITAL GERAL",1023,"HOSPITAL_PÚBLICO","AVENIDA NAZARE","28","","IPIRANGA",4262000,"(11) 2067-7949","dt@hipiranga.com.br",314,314,32,32,22,22,0,0,10,10,0,0,0,0
202512,"SUDESTE","SP",355030,"SAO PAULO","",2077531,"A C CAMARGO CANCER CENTER","FUNDACAO ANTONIO PRUDENTE","M",7,"HOSPITAL ESPECIALIZADO",3069,"HOSPITAL_FILANTRÓPICO","RUA PROFESSOR ANTONIO PRUDENTE","211","","LIBERDADE",1509900,"11 21895220","regulatorio@accamargo.org.br",381,132,50,28,44,22,6,6,0,0,0,0,0,0
202512,"SUDESTE","SP",350050,"AGUAS DE LINDOIA","",2077558,"HOSPITAL SAO CAMILO AGUAS DE LINDOIA","SOCIEDADE BENEFICENTE SAO CAMILO","M",5,"HOSPITAL GERAL",3999,"HOSPITAL_FILANTRÓPICO","SANTA CATARINA","158","","JARDIM SAO FRANCISCO",13940000,"19 38249988","controller@saocamilosede.org.br",42,30,0,0,0,0,0,0,0,0,0,0,0,0
202512,"SUDESTE","SP",355030,"SAO PAULO","",2077574,"CONJUNTO HOSPITALAR DO MANDAQUI SAO PAULO","SECRETARIA DE ESTADO DA SAUDE DE SAO PAULO","E",5,"HOSPITAL GERAL",1023,"HOSPITAL_PÚBLICO","RUA VOLUNTARIOS DA PATRIA","4301","","SANTANA",2401400,"(11) 2281-5000","diretoriahospitalmandaqui@gmail.com",419,419,65,65,47,47,8,8,10,10,0,0,0,0
202512,"SUDESTE","SP",352680,"LENCOIS PAULISTA","",2077582,"HOSPITAL NOSSA SENHORA DA PIEDADE","ASSOCIACAO BENEFICENTE HOSPITAL NOSSA SENHORA DA PIEDADE","M",5,"HOSPITAL GERAL",3999,"HOSPITAL_FILANTRÓPICO","GERALDO PEREIRA DE BARROS","461","PREDIO","CENTRO",18682041,"","",81,49,10,6,10,6,0,0,0,0,0,0,0,0
202512,"SUDESTE","SP",355030,"SAO PAULO","",2077590,"IBCC","INSTITUTO BRASILEIRO DE CONTROLE DO CANCER","M",7,"HOSPITAL ESPECIALIZADO",3999,"HOSPITAL_FILANTRÓPICO","AV ALCANTARA MACHADO","2576","","MOOCA",3102002,"(11) 34744223","diretoria.mooca@hospitalsaocamilosp.org.br",135,76,18,10,18,10,0,0,0,0,0,0,0,0
202512,"SUDESTE","SP",355030,"SAO PAULO","",2077604,"HOSPITAL PRESIDENTE","HOSPITAL E MATERNIDADE PRESIDENTE SOCIEDADE SIMPLES","M",5,"HOSPITAL GERAL",2240,"HOSPITAL_PRIVADO","AVENIDA NOVA CANTAREIRA","2398","","TUCURUVI",2340000,"22616611","sfilenti@hospitalpresidente.com.br",122,0,20,0,20,0,0,0,0,0,0,0,0,0
202512,"SUDESTE","SP",355030,"SAO PAULO","",2077612,"CENTRO INTEGR DE ASS E SAUDE NOSSA SENHORA DE FATIMA","CONGREGACAO DAS IRMAS HOSPITALEIRAS DO SAGRADO CORACAO DE JE","M",7,"HOSPITAL ESPECIALIZADO",3999,"HOSPITAL_FILANTRÓPICO","JORNALISTA PAULO ZINGG","1078","","PIRITUBA",5157030,"(11)3572-9585","contratos@irmashospitaleiras.org",190,0,0,0,0,0,0,0,0,0,0,0,0,0
202512,"SUDESTE","SP",355030,"SAO PAULO","",2077620,"HOSPITAL GERAL SANTA MARCELINA DE ITAIM PAULISTA SAO PAULO","SECRETARIA DE ESTADO DA SAUDE DE SAO PAULO","E",5,"HOSPITAL GERAL",1023,"HOSPITAL_PÚBLICO","AV MARECHAL TITO","6035","","ITAIM PAULISTA",8115100,"(11) 2563-6302","hgip@oss.santamarcelina.org",332,332,36,36,20,20,0,0,16,16,0,0,0,0
202512,"SUDESTE","SP",355030,"SAO PAULO","",2077639,"HOSP MUN PROF DR WALDOMIRO DE PAULA","PREFEITURA DO MUNICIPIO DE SAO PAULO","M",5,"HOSPITAL GERAL",1031,"HOSPITAL_PÚBLICO","RUA AUGUSTO CARLOS BAUMANN","1074","","ITAQUERA",8210590,"(11)51780500","ivonepeneirasvale@prefeitura.sp.gov.br",217,179,50,12,40,6,0,0,10,6,0,0,0,0
202512,"SUDESTE","SP",350010,"ADAMANTINA","",2077647,"SANTA CASA DE MIS DE ADAMANTINA NA PROVIDENCIA DE DEUS","ASSOCIACAO LAR SAO FRANCISCO DE ASSIS NA PROVIDENCIA DE DEUS","M",5,"HOSPITAL GERAL",3999,"HOSPITAL_FILANTRÓPICO","RUA JOAQUIM LUIZ VIAN","209","","VILA CICMA",17803106,"(18)35022200","administracao.sca@alsf.org.br",119,57,9,8,9,8,0,0,0,0,0,0,0,0
202512,"SUDESTE","SP",355030,"SAO PAULO","",2077655,"ASSOC AACD V CLEMENTINO","ASSOCIACAO DE ASSISTENCIA A CRIANCA DEFICIENTE","M",7,"HOSPITAL ESPECIALIZADO",3999,"HOSPITAL_FILANTRÓPICO","AVENIDA PROF ASCENDINO REIS","724","","VIL CLEMENTINO",4027000,"(11)55760883","mmoreira@aacd.org.br",87,27,10,4,5,2,5,2,0,0,0,0,0,0
202512,"SUDESTE","SP",355030,"SAO PAULO","",2077671,"HOSPITAL GERAL DO GRAJAU PROF LIBER JOHN ALPHONSE DI DIO SP","SECRETARIA DE ESTADO DA SAUDE DE SAO PAULO","E",5,"HOSPITAL GERAL",1023,"HOSPITAL_PÚBLICO","RUA FRANCISCO OTAVIO PACCA","180","","PARQUE DAS NACOES",4822030,"(11) 3544-9444 R:322","diego.ferreira@hgg.org.br",260,254,44,38,24,24,9,8,11,6,0,0,0,0
202512,"SUDESTE","SP",355030,"SAO PAULO","",2077701,"HOSPITAL E MATERNIDADE LEONOR MENDES DE BARROS SAO PAULO","SECRETARIA DE ESTADO DA SAUDE DE SAO PAULO","E",7,"HOSPITAL ESPECIALIZADO",1023,"HOSPITAL_PÚBLICO","AV CELSO GARCIA","2477","","BELENZINHO",3015000,"(11) 6694-4987","selecaohmlmb@gmail.com",167,167,20,20,6,6,0,0,14,14,0,0,0,0
202512,"SUDESTE","SP",355030,"SAO PAULO","",2077752,"HOSP MONUMENTO CEHM","CENTRO DE ESTUDO DO HOSPITAL MONUMENTO","M",5,"HOSPITAL GERAL",3999,"HOSPITAL_FILANTRÓPICO","RUA LIMA E SILVA","985","1 ANDAR SALA 2","IPIRANGA",4215020,"(11)2915 2277","hospitalmonumento@terra.com.br",50,50,0,0,0,0,0,0,0,0,0,0,0,0
202512,"SUDESTE","SP",355030,"SAO PAULO","",2077957,"CENTRO DE REFERENCIA E TREINAMENTO DST AIDS SAO PAULO","SECRETARIA DE ESTADO DA SAUDE DE SAO PAULO","E",7,"HOSPITAL ESPECIALIZADO",1023,"HOSPITAL_PÚBLICO","RUA SANTA CRUZ","81","","VILA MARIANA",4121000,"(11) 5087-9911","faturamento@crt.saude.sp.gov.br",46,46,0,0,0,0,0,0,0,0,0,0,0,0
202512,"SUDESTE","SP",354340,"RIBEIRAO PRETO","",2077973,"HOSPITAL SAO LUCAS RIBEIRAO PRETO","HOSPITAL SAO LUCAS SA","M",5,"HOSPITAL GERAL",2054,"HOSPITAL_PRIVADO","RUA BERNARDINO DE CAMPOS","1426","","VILA SEIXAS",14015130,"(16)40090020","diretoria@hslucas.com.br",89,1,20,0,12,0,4,0,4,0,0,0,0,0
202512,"SUDESTE","SP",355030,"SAO PAULO","",2078007,"HOSPITAL MILITAR DE AREA DE SAO PAULO","COMANDO DO EXERCITO","M",5,"HOSPITAL GERAL",1015,"HOSPITAL_PÚBLICO","RUA OUVIDOR PORTUGAL","230","","CAMBUCI",1551000,"","",12,0,0,0,0,0,0,0,0,0,0,0,0,0
202512,"SUDESTE","SP",355030,"SAO PAULO","",2078015,"HC DA FMUSP HOSPITAL DAS CLINICAS SAO PAULO","FUNDACAO FACULDADE DE MEDICINA MEC MPAS","E",5,"HOSPITAL GERAL",3069,"HOSPITAL_FILANTRÓPICO","RUA DR OVIDIO PIRES DE CAMPOS","225","","CERQUEIRA CESAR",5403010,"(11)3087-5456","valdices@ffm.br",1543,1476,227,225,128,128,53,51,40,40,6,6,0,0
202512,"SUDESTE","SP",354340,"RIBEIRAO PRETO","",2078031,"HOSPITAL SANTA TEREZA DE RIBEIRAO PRETO","SECRETARIA DE ESTADO DA SAUDE DE SAO PAULO","E",7,"HOSPITAL ESPECIALIZADO",1023,"HOSPITAL_PÚBLICO","AVN ADELMO PERDIZZA","495","","ALTO DA BOA VISTA",14026390,"(16)39199029","hstrp-same@saude.sp.gov.br",263,263,0,0,0,0,0,0,0,0,0,0,0,0
202512,"SUDESTE","SP",352590,"JUNDIAI","",2078066,"INTERMEDICA HPS HOSPITAL PAULO SACRAMENTO","NOTRE DAME INTERMEDICA SAUDE S A","M",5,"HOSPITAL GERAL",2054,"HOSPITAL_PRIVADO","XV DE NOVEMBRO","865","","CENTRO",13201905,"11 31551878","FABIO.OLIVEIRA@INTERMEDICA.COM.BR",149,0,33,0,12,0,2,0,8,0,1,0,10,0
202512,"SUDESTE","SP",352670,"LEME","",2078074,"SANTA CASA DE LEME","IRMANDADE DA SANTA CASA DE MISERICORDIA DE LEME","M",5,"HOSPITAL GERAL",3999,"HOSPITAL_FILANTRÓPICO","RUA PADRE JULIAO","1213","","CENTRO",13610230,"(19)5713500","",112,85,10,8,10,8,0,0,0,0,0,0,0,0
202512,"SUDESTE","SP",355030,"SAO PAULO","",2078082,"HOSPITAL E MATERNIDADE METROPOLITANO","AMICO SAUDE LTDA","M",5,"HOSPITAL GERAL",2054,"HOSPITAL_PRIVADO","MARCELINA","441","","VILA ROMANA",5044010,"21 38051000","",88,0,73,0,46,0,9,0,18,0,0,0,0,0
202512,"SUDESTE","SP",352250,"ITAPEVI","",2078104,"HOSPITAL GERAL DE ITAPEVI","SECRETARIA DE ESTADO DA SAUDE DE SAO PAULO","E",5,"HOSPITAL GERAL",1023,"HOSPITAL_PÚBLICO","RUA JESUINO JOAQUIM DA SILVA","S/N","","JARDIM NOVA ITAPEVI",6694230,"(11) 4143-8600","sandra.rodrigues@cejam.org.br",267,260,30,30,10,10,10,10,10,10,0,0,0,0
202512,"SUDESTE","SP",354490,"SALES OLIVEIRA","",2078112,"HOSPITAL SANTA RITA DE SALES OLIVEIRA","SOCIEDADE BENEFICENTE E HOSPITALAR SANTA RITA","M",5,"HOSPITAL GERAL",3999,"HOSPITAL_FILANTRÓPICO","RUA SETE DE SETEMBRO","589","","CENTRO",14660000,"(16)38529999","hospitalsantarita@netsite.com.br",21,17,0,0,0,0,0,0,0,0,0,0,0,0
202512,"SUDESTE","SP",354150,"PRESIDENTE VENCESLAU","",2078139,"SANTA CASA DE PRESIDENTE VENCESLAU","IRMANDADE DA SANTA CASA DE PRESIDENTE VENCESLAU","M",5,"HOSPITAL GERAL",3999,"HOSPITAL_FILANTRÓPICO","EMILIANO VILANOVA","66","","CENTRO",19400059,"(18)32711124","adm.santacasavenceslau@hotmail.com",112,72,10,10,10,10,0,0,0,0,0,0,0,0
202512,"SUDESTE","SP",354140,"PRESIDENTE PRUDENTE","",2078147,"HOSPITAL UNIMED","HOSPITAL UNIMED PRESIDENTE PRUDENTE LTDA","M",5,"HOSPITAL GERAL",2062,"HOSPITAL_PRIVADO","RUA DR GURGEL","715","","CENTRO",19015140,"(18)3311-5000","contab_hmsg@outlook.com",115,0,16,0,10,0,0,0,6,0,0,0,0,0
202512,"SUDESTE","SP",351880,"GUARULHOS","",2078155,"HOSPITAL STELLA MARIS","CONGREGACAO DAS FILHAS DE N SENHORA STELA MARIS","M",5,"HOSPITAL GERAL",3999,"HOSPITAL_FILANTRÓPICO","RUA MARIA CANDIDA PEREIRA","568","","ITAPEGICA",7041020,"1124238500","asadm@hospitalstelamaris.com.br",96,63,12,10,12,10,0,0,0,0,0,0,0,0
202512,"SUDESTE","SP",354790,"SANTO ANTONIO DA ALEGRIA","",2078198,"UNIDADE MISTA DE SANTO ANTONIO DA ALEGRIA","PREFEITURA MUNICIPAL DE SANTO ANTONIO DA ALEGRIA","M",15,"UNIDADE MISTA",1244,"HOSPITAL_PÚBLICO","PRACA JOSE AYUB CALIXTO","471","","CENTRO",14390000,"(16)36681125","hospsaa3@gmail.com",9,9,0,0,0,0,0,0,0,0,0,0,0,0
202512,"SUDESTE","SP",350410,"ATIBAIA","",2078228,"HOSPITAL NOVO ATIBAIA","HOSPITAL NOVO ATIBAIA SA","M",5,"HOSPITAL GERAL",2054,"HOSPITAL_PRIVADO","RUA PEDRO CUNHA","145","","VIL SANTISTA",12941900,"(11)44146000","",87,0,14,0,8,0,0,0,6,0,0,0,0,0
202512,"SUDESTE","SP",350650,"BIRIGUI","",2078252,"SANTA CASA DE BIRIGUI","IRMANDADE DA SANTA CASA DE MISERICORDIA DE BIRIGUI","M",5,"HOSPITAL GERAL",3999,"HOSPITAL_FILANTRÓPICO","RUA DR CARLOS CARVALHO ROSA","115","","SILVARES",16201010,"(18) 3649.3100","ADMINISTRACAO@SANTACASABIRIGUI.COM.BR",126,87,10,10,10,10,0,0,0,0,0,0,0,0
202512,"SUDESTE","SP",355030,"SAO PAULO","",2078287,"CENTRO DE REFERENCIA DA SAUDE DA MULHER","SECRETARIA DE ESTADO DA SAUDE DE SAO PAULO","E",7,"HOSPITAL ESPECIALIZADO",1023,"HOSPITAL_PÚBLICO","AV RIO BRANCO","1080","","CAMPOS ELISEOS",1206001,"(11) 3367-3900","institucional@hospitaldamulhersp.org.br",172,169,10,7,10,7,0,0,0,0,0,0,0,0
202512,"SUDESTE","SP",355370,"TAQUARITINGA","",2078295,"SANTA CASA DE TAQUARITINGA","IRMANDADE DA SANTA CASA DE MIS E MAT D ZILDA SALVAGNI","M",5,"HOSPITAL GERAL",3999,"HOSPITAL_FILANTRÓPICO","DOUTOR JOSE FURIATTI","153","","CENTRO",15900037,"16 32539234","STACASATQ@TERRA.COM.BR",138,88,13,10,8,6,1,0,4,4,0,0,0,0
202512,"SUDESTE","SP",355030,"SAO PAULO","",2078325,"HOSP MUN INFANTIL MENINO JESUS","PREFEITURA DO MUNICIPIO DE SAO PAULO","M",7,"HOSPITAL ESPECIALIZADO",1031,"HOSPITAL_PÚBLICO","RUA DOS INGLESES","258","","BELA VISTA",1329000,"(11)30160500","",103,59,20,10,0,0,20,10,0,0,0,0,0,0
202512,"SUDESTE","SP",353180,"MONTE MOR","",2078341,"ASSOCIACAO HOSPITAL BENEFICENTE SAGRADO CORACAO DE JESUS","ASSOCIACAO HOSPITAL BENEFICENTE SAGRADO CORACAO DE JESUS","M",5,"HOSPITAL GERAL",3999,"HOSPITAL_FILANTRÓPICO","AV JANIO QUADROS","1000","","JD SANTO ANTONIO",13190170,"(19)38791999","hospmor@interall.com.br",35,26,0,0,0,0,0,0,0,0,0,0,0,0
202512,"SUDESTE","SP",350950,"CAMPINAS","",2078376,"HOSPITAL VERA CRUZ","HOSPITAL VERA CRUZ S A","M",5,"HOSPITAL GERAL",2054,"HOSPITAL_PRIVADO","ANDRADE NEVES","402","","BAIRRO CENTRO",13013900,"19 37343288","juridico@hospitalveracruz.com.br",170,0,28,0,10,0,8,0,10,0,0,0,0,0
202512,"SUDESTE","SP",353730,"PENAPOLIS","",2078384,"HOSPITAL ESPIRITA","ORGANIZACAO SOCIAL JOAO MARCHESI","M",7,"HOSPITAL ESPECIALIZADO",3999,"HOSPITAL_FILANTRÓPICO","RODOVIA SARGENTO LUCIANO ARNALDO COVOLAN","S/N","CXPST 14","GILBERTO ELIAS FERRE",16306550,"18 36547300","recursoshumanos@matrizosjm.org.br",58,58,0,0,0,0,0,0,0,0,0,0,0,0
202512,"SUDESTE","SP",355030,"SAO PAULO","",2078406,"HOSP INDEPENDENCIA","HOSPITAL INDEPENDENCIA ZONA LESTE LTDA","M",5,"HOSPITAL GERAL",2062,"HOSPITAL_PRIVADO","RUA URUCURANA","01","","JARDIM PEDRO JOSE NU",8061100,"(11)20306000","diretoriamedica@hmindependencia.com.br",103,0,14,0,10,0,0,0,4,0,0,0,0,0
202512,"SUDESTE","SP",351740,"GUAIRA","",2078414,"SANTA CASA DE GUAIRA","SANTA CASA DE MISERICORDIA DE GUAIRA","M",5,"HOSPITAL GERAL",3999,"HOSPITAL_FILANTRÓPICO","RUA 24","872","","PARANOA",14790000,"(17)3332.7000","santacasafinanceiro@netsite.co",61,48,10,10,10,10,0,0,0,0,0,0,0,0
202512,"SUDESTE","SP",353710,"PEDREIRA","",2078422,"FUNBEPE PEDREIRA","FUNDACAO BENEFICIENTE DE PEDREIRA","M",5,"HOSPITAL GERAL",1279,"HOSPITAL_PÚBLICO","RUA HENRIQUETA R CANESSO","161","","VIL CANESSO",13927118,"(19)38529630","funbepe@ig.com.br",38,38,10,10,10,10,0,0,0,0,0,0,0,0
202512,"SUDESTE","SP",351550,"FERNANDOPOLIS","",2078430,"HOSPITAL DAS CLINICAS DE FERNANDOPOLIS","HOSPITAL DAS CLINICAS DE FERNANDOPOLIS SC LTDA","M",5,"HOSPITAL GERAL",2240,"HOSPITAL_PRIVADO","AV EXPEDICIONARIOS BRASILEIROS","1181","","CENTRO",15600001,"(17)34421844","hospitaldasclinicas@terra.com.br",14,0,0,0,0,0,0,0,0,0,0,0,0,0
202512,"SUDESTE","SP",353630,"PATROCINIO PAULISTA","",2078449,"SANTA CASA DE PATROCINIO PAULISTA","SANTA CASA DE MISERICORDIA DE PATROCINIO PAULISTA","M",5,"HOSPITAL GERAL",3999,"HOSPITAL_FILANTRÓPICO","RUA CONEGO PEREGRINO","1281","","CENTRO",14415000,"(16)31451121","stacasapatpta@uol.como.br.",35,23,0,0,0,0,0,0,0,0,0,0,0,0
202512,"SUDESTE","SP",355030,"SAO PAULO","",2078457,"HOSP STA VIRGINIA","ASSOCIACAO HOSPITALAR FILHAS DE NOSSA SENHORA DO MONTE CALVA","M",5,"HOSPITAL GERAL",3999,"HOSPITAL_FILANTRÓPICO","CELSO GARCIA","2294","","BELEM",3014000,"11 27993171","juridico@hsv.org.br",67,0,17,0,17,0,0,0,0,0,0,0,0,0
202512,"SUDESTE","SP",350950,"CAMPINAS","",2078465,"REAL SOCIEDADE PORTUGUESA DE BENEFICENCIA","REAL SOCIEDADE PORTUGUESA DE BENEFICENCIA","M",5,"HOSPITAL GERAL",3999,"HOSPITAL_FILANTRÓPICO","ONZE DE AGOSTO","557","","BOTAFOGO",13013101,"019 32312411","beneficenciacamp@beneficenciacamp.com.br",135,51,40,14,40,14,0,0,0,0,0,0,0,0
202512,"SUDESTE","SP",351350,"CUBATAO","",2078473,"HOSPITAL DR LUIZ CAMARGO DA FONSECA E SILVA","HOSPITAL DR LUIZ CAMARGO DA FONSECA E SILVA","M",5,"HOSPITAL GERAL",1244,"HOSPITAL_PÚBLICO","AV HENRY BORDEN","S/N","","VILA SANTA ROSA",11515000,"(13) 3512-7800","diretoriatecnica.hmc@sbcdsaude.org.br",146,138,18,18,10,10,2,2,6,6,0,0,0,0
202512,"SUDESTE","SP",355030,"SAO PAULO","",2078481,"HOSPITAL CENTRAL DO TATUAPE","REDE DOR SAO LUIZ S A","M",5,"HOSPITAL GERAL",2046,"HOSPITAL_PRIVADO","PADRE ADELINO","901","EDIF 905 E 907","IV PARADA",3303000,"(11) 2062-0000","licenciamentosp@rededor.com.br",96,0,28,0,28,0,0,0,0,0,0,0,0,0
202512,"SUDESTE","SP",353730,"PENAPOLIS","",2078503,"SANTA CASA DE PENAPOLIS","IRMANDADE DA SANTA CASA DE MISERICORDIA DE PENAPOLIS","M",5,"HOSPITAL GERAL",3999,"HOSPITAL_FILANTRÓPICO","SANTA CASA","566","","CENTRO",16300027,"18 36542210","SANTACASA@SANTACASADEPENAPOLIS.COM.BR",92,74,10,10,10,10,0,0,0,0,0,0,0,0
202512,"SUDESTE","SP",352044,"ILHA SOLTEIRA","",2078511,"HOSPITAL REGIONAL DE ILHA SOLTEIRA","ASSOCIACAO LAR SAO FRANCISCO DE ASSIS NA PROVIDENCIA DE DEUS","E",5,"HOSPITAL GERAL",3999,"HOSPITAL_FILANTRÓPICO","ALAMEDA BAHIA","618","","CENTRO",15385000,"(18) 37431500","sus.hris@alsf.org.br",82,76,10,8,10,8,0,0,0,0,0,0,0,0
202512,"SUDESTE","SP",352400,"ITUPEVA","",2078538,"HOSPITAL NOSSA SENHORA APARECIDA","PREFEITURA MUNICIPAL DE ITUPEVA","M",5,"HOSPITAL GERAL",1244,"HOSPITAL_PÚBLICO","PRACA SAO VENANCIO","02","","LAGOA",13296373,"(11)45911220","uac.saude@itupeva.sp.gov.br",50,50,0,0,0,0,0,0,0,0,0,0,0,0
202512,"SUDESTE","SP",354860,"SAO BENTO DO SAPUCAI","",2078546,"SANTA CASA SAO BENTO DO SAPUCAI","SANTA CASA DE MISERICORDIA DE SAO BENTO DO SAPUCAI","M",5,"HOSPITAL GERAL",3999,"HOSPITAL_FILANTRÓPICO","GAL MARCONDES SALGADO","34","","CENTRO",12490000,"12 369717000","administracao@santacasadesaobento.com.br",40,26,0,0,0,0,0,0,0,0,0,0,0,0
202512,"SUDESTE","SP",352310,"ITAQUAQUECETUBA","",2078562,"HOSPITAL GERAL DE ITAQUAQUECETUBA","SECRETARIA DE ESTADO DA SAUDE DE SAO PAULO","E",5,"HOSPITAL GERAL",1023,"HOSPITAL_PÚBLICO","RUA RIO NEGRO","48","","JARDIM NOVA ITAQUA",8599280,"(11) 4645-4200","secretariaitaqua@oss.santamarcelina.org",276,276,30,30,20,20,0,0,10,10,0,0,0,0
202512,"SUDESTE","SP",355030,"SAO PAULO","",2078570,"HOSPITAL CANTAREIRA","SPDM ASSOC PAULISTA PARA O DESENVOLVIMENTO DA MEDICINA","M",5,"HOSPITAL GERAL",3999,"HOSPITAL_FILANTRÓPICO","AV NOVA CANTAREIRA","3050","","TUCURUVI",2340000,"(11)22033222","nfe@cantareira.spdm.org.br",101,101,0,0,0,0,0,0,0,0,0,0,0,0
202512,"SUDESTE","SP",355030,"SAO PAULO","",2078589,"HOSPITAL E MATERNIDADE SANTA MARIA CRUZ AZUL","CRUZ AZUL DE SAO PAULO","M",5,"HOSPITAL GERAL",3999,"HOSPITAL_FILANTRÓPICO","LINS DE VASCONCELOS","356","","CAMBUCI",1538900,"","",268,1,58,0,40,0,18,0,0,0,0,0,0,0
202512,"SUDESTE","SP",355030,"SAO PAULO","",2078600,"HOSP DA AERONAUTICA DE SPHASP","COMANDO DA AERONAUTICA","M",5,"HOSPITAL GERAL",1015,"HOSPITAL_PÚBLICO","OLAVO FONTOURA","1400","SANTANA","SANTANA",2012021,"","protocolo.hfasp@fab.mil.br",40,0,0,0,0,0,0,0,0,0,0,0,0,0
202512,"SUDESTE","SP",355030,"SAO PAULO","",2078619,"HOSPITAL E MATERNIDADE SAO MIGUEL","HOSPITAL E MATERNIDADE SAO MIGUEL SA","M",5,"HOSPITAL GERAL",2054,"HOSPITAL_PRIVADO","RUA LUIS PICOLO","11","","SAO MIGUEL",8010320,"11 2714-0100","comercial@hsaomiguel.com.br",75,0,0,0,0,0,0,0,0,0,0,0,0,0
202512,"SUDESTE","SP",355030,"SAO PAULO","",2078627,"HOSPITAL SAO MIGUEL UNIDADE ERMELINO MATARAZZO","DAY HOSPITAL DE ERMELINO MATARAZZO LTDA","M",5,"HOSPITAL GERAL",2062,"HOSPITAL_PRIVADO","RUA ABEL TAVARES","2576","","JARDIM BELEM",3810110,"1134885400","gilbertomellacejr@gmail.com",60,0,9,0,9,0,0,0,0,0,0,0,0,0
202512,"SUDESTE","SP",355030,"SAO PAULO","",2078635,"HOSPITAL ITAQUERA","GRUPO ITASA LIFE LTDA","M",5,"HOSPITAL GERAL",2240,"HOSPITAL_PRIVADO","RUA JOSE OITICICA FILHO","123","","ITAQUERA",8210510,"","",120,0,10,0,10,0,0,0,0,0,0,0,0,0
202512,"SUDESTE","SP",350950,"CAMPINAS","",2078678,"HOSPITAL MADRE THEODORA CAMPINAS","ESHO EMPRESA DE SERVICOS HOSPITALARES S A","M",5,"HOSPITAL GERAL",2054,"HOSPITAL_PRIVADO","RUA JOSE GERALDO CEREBINO CHRISTOFARO","175","","PARQUE RURAL FAZENDA",13087567,"(19) 3756-3025","prolegalize@prolegalize.com.br",94,0,36,0,18,0,9,0,9,0,0,0,0,0
202512,"SUDESTE","SP",352410,"ITUVERAVA","",2078686,"HOSPITAL SAO JORGE","HOSPITAL E MATERNIDADE DE ITUVERAVA LTDA","M",5,"HOSPITAL GERAL",2062,"HOSPITAL_PRIVADO","MARIA LIPORACI","421","","CENTRO",14500000,"16 38301130","HOSPITAL.SAOJORGE@YAHOO.COM.BR",30,0,0,0,0,0,0,0,0,0,0,0,0,0
202512,"SUDESTE","SP",355220,"SOROCABA","",2078732,"HOSPITAL SAMARITANO DE SOROCABA","NOTRE DAME INTERMEDICA SAUDE S A","M",5,"HOSPITAL GERAL",2054,"HOSPITAL_PRIVADO","RUA RODRIGUES PACHECO","145","","CENTRO",18035085,"15 32194464","rita.arrais@intermedica.com.br",130,0,30,0,20,0,10,0,0,0,0,0,0,0
202512,"SUDESTE","SP",354850,"SANTOS","",2078740,"HOSPITAL SAO LUCAS DE SANTOS","HOSPITAL SAO LUCAS DE SANTOS LTDA","M",5,"HOSPITAL GERAL",2062,"HOSPITAL_PRIVADO","ANA COSTA","168","","VILA BELMIRO",11060905,"13 21025057","DIRETORIA@HSLSANTOS.COM.BR",87,0,20,0,10,0,0,0,10,0,0,0,0,0
202512,"SUDESTE","SP",352590,"JUNDIAI","",2078759,"HOSPITAL SANTA ELISA","HOSPITAL SANTA ELISA LTDA","M",5,"HOSPITAL GERAL",2062,"HOSPITAL_PRIVADO","RUA SOCRATES FERNANDES DE OLIVEIRA","70","","CHACARA URBANA",13201838,"(11)45834444","diretoria@hse.com.br",93,0,18,0,11,0,2,0,5,0,0,0,0,0
202512,"SUDESTE","SP",352590,"JUNDIAI","",2078767,"HOSPITAL PITANGUEIRAS","SOBAM CENTRO MEDICO HOSPITALAR S A","M",5,"HOSPITAL GERAL",2054,"HOSPITAL_PRIVADO","PINTANGUEIRAS","651","","VIANELO",13207270,"","",164,0,38,0,19,0,9,0,10,0,0,0,0,0
202512,"SUDESTE","SP",350280,"ARACATUBA","",2078775,"SANTA CASA DE ARACATUBA HOSPITAL SAGRADO CORACAO DE JESUS","SANTA CASA DE MISERICORDIA DE ARACATUBA","E",5,"HOSPITAL GERAL",3999,"HOSPITAL_FILANTRÓPICO","RUA FLORIANO PEIXOTO","896","","VILA MENDONCA",16015000,"(18)3607-3000","sta.atra@ata.zaz.com.br",359,266,89,60,40,40,6,3,34,17,0,0,9,0
202512,"SUDESTE","SP",354340,"RIBEIRAO PRETO","",2078791,"HOSPITAL MATERNIDADE RP","HAPVIDA ASSISTENCIA MEDICA S A","M",7,"HOSPITAL ESPECIALIZADO",2054,"HOSPITAL_PRIVADO","DOM ALBERTO GONCALVES","1500","LOTE 1 AO 30","VILA TAMANDARE",14085100,"85 40023633","FISCAL@HAPVIDA.COM.BR",63,0,20,0,0,0,10,0,10,0,0,0,0,0
